/*-----------------------------INSERT INTO Department--------------------------------*/
INSERT INTO Department VALUES ('纖維與複合材料學系','工程與科學學院');
INSERT INTO Department VALUES ('機械與電腦輔助工程學系','工程與科學學院');
INSERT INTO Department VALUES ('工業工程與系統管理學系','工程與科學學院');
INSERT INTO Department VALUES ('化學工程學系','工程與科學學院');
INSERT INTO Department VALUES ('航太與系統工程學系','工程與科學學院');
INSERT INTO Department VALUES ('精密系統設計學士學位學程','工程與科學學院');
INSERT INTO Department VALUES ('應用數學系','工程與科學學院');
INSERT INTO Department VALUES ('環境工程與科學學系','工程與科學學院');
INSERT INTO Department VALUES ('材料科學與工程學系','工程與科學學院');
INSERT INTO Department VALUES ('光電科學與工程學系','工程與科學學院');
INSERT INTO Department VALUES ('會計學系','商學院');
INSERT INTO Department VALUES ('國際經營與貿易學系','商學院');
INSERT INTO Department VALUES ('國際企業管理全英語學士學位學程','商學院');
INSERT INTO Department VALUES ('財稅學系','商學院');
INSERT INTO Department VALUES ('合作經濟暨社會事業經營學系','商學院');
INSERT INTO Department VALUES ('統計學系','商學院');
INSERT INTO Department VALUES ('經濟學系','商學院');
INSERT INTO Department VALUES ('企業管理學系','商學院');
INSERT INTO Department VALUES ('行銷學系','商學院');
INSERT INTO Department VALUES ('商學學士學位學程','商學院');
INSERT INTO Department VALUES ('中國文學系','人文社會學院');
INSERT INTO Department VALUES ('外國語文學系','人文社會學院');
INSERT INTO Department VALUES ('人文社會學士學位學程','人文社會學院');
INSERT INTO Department VALUES ('資訊工程學系','資訊電機學院');
INSERT INTO Department VALUES ('電機工程學系','資訊電機學院');
INSERT INTO Department VALUES ('電子工程學系','資訊電機學院');
INSERT INTO Department VALUES ('自動控制工程學系','資訊電機學院');
INSERT INTO Department VALUES ('通訊工程學系','資訊電機學院');
INSERT INTO Department VALUES ('資訊電機學院學士班','資訊電機學院');
INSERT INTO Department VALUES ('土木工程學系','建設學院');
INSERT INTO Department VALUES ('水利工程與資源保育學系','建設學院');
INSERT INTO Department VALUES ('都市計畫與空間資訊學系','建設學院');
INSERT INTO Department VALUES ('運輸與物流學系','建設學院');
INSERT INTO Department VALUES ('土地管理學系','建設學院');
INSERT INTO Department VALUES ('風險管理與保險學系','金融學院');
INSERT INTO Department VALUES ('財務金融學系','金融學院');
INSERT INTO Department VALUES ('財務工程與精算學士學位學程','金融學院');
INSERT INTO Department VALUES ('澳洲墨爾本皇家理工大學商學與創新雙學士學位學程','國際科技與管理學院');
INSERT INTO Department VALUES ('美國加州聖荷西州立大學商學大數據雙學士學位學程','國際科技與管理學院');
INSERT INTO Department VALUES ('美國普渡大學電機資訊雙學士學位學程','國際科技與管理學院');
INSERT INTO Department VALUES ('美國加州聖荷西州立大學工程雙學士學位學程','國際科技與管理學院');
INSERT INTO Department VALUES ('美國加州舊金山州立大學資訊工程雙學士學位學程','國際科技與管理學院');
INSERT INTO Department VALUES ('澳洲昆土蘭大學商學雙學士學位學程','國際科技與管理學院');
INSERT INTO Department VALUES ('建築專業學院學士班','建築專業學院');
INSERT INTO Department VALUES ('建築學士學位學程','建築專業學院');
INSERT INTO Department VALUES ('室內設計學士學位學程','建築專業學院');
INSERT INTO Department VALUES ('創新設計學士學位學程','建築專業學院');
INSERT INTO Department VALUES ('室內設計進修學士班','建築專業學院');
INSERT INTO Department VALUES ('人工智慧技術與應用學士學位學程','創能學院');
INSERT INTO Department VALUES ('全校國際生大一不分系學士班','通識教育中心');
/*
INSERT INTO Department 
VALUES("纖維與複合材料學系", "工程與科學學院");
      ("機械與電腦輔助工程學系", "工程與科學學院");
      ("工業工程與系統管理學系", "工程與科學學院");
      ("化學工程學系", "工程與科學學院");
      ("航太與系統工程學系", "工程與科學學院");     
      ("精密系統設計學士學位學程", "工程與科學學院");
      ("應用數學系", "工程與科學學院");
      ("環境工程與科學學系", "工程與科學學院");
      ("材料科學與工程學系", "工程與科學學院");
      ("光電科學與工程學系", "工程與科學學院");
      ("會計學系", "商學院");
      ("國際經營與貿易學系", "商學院");
      ("國際企業管理全英語學士學位學程", "商學院");
      ("財稅學系", "商學院");
      ("合作經濟暨社會事業經營學系", "商學院");
      ("統計學系", "商學院");
      ("經濟學系", "商學院");
      ("企業管理學系", "商學院");
      ("行銷學系", "商學院");
      ("商學學士學位學程", "商學院");
      ("中國文學系", "人文社會學院"),
      ("外國語文學系", "人文社會學院"),
      ("人文社會學士學位學程", "人文社會學院"),
      ("資訊工程學系", "資訊電機學院"),
      ("電機工程學系", "資訊電機學院"),
      ("電子工程學系", "資訊電機學院"),
      ("自動控制工程學系", "資訊電機學院"),
      ("通訊工程學系", "資訊電機學院"),
      ("資訊電機學院學士班", "資訊電機學院"),
      ("土木工程學系", "建設學院"),
      ("水利工程與資源保育學系", "建設學院"),
      ("都市計畫與空間資訊學系", "建設學院"),
      ("運輸與物流學系", "建設學院"),
      ("土地管理學系", "建設學院"),
      ("風險管理與保險學系", "金融學院"),
      ("財務金融學系", "金融學院"),
      ("財務工程與精算學士學位學程", "金融學院"),
      ("澳洲墨爾本皇家理工大學商學與創新雙學士學位學程", "國際科技與管理學院"),
      ("美國加州聖荷西州立大學商學大數據雙學士學位學程", "國際科技與管理學院"),
      ("美國普渡大學電機資訊雙學士學位學程", "國際科技與管理學院"),
      ("美國加州聖荷西州立大學工程雙學士學位學程", "國際科技與管理學院"),
      ("美國加州舊金山州立大學資訊工程雙學士學位學程", "國際科技與管理學院"),
      ("澳洲昆土蘭大學商學雙學士學位學程", "國際科技與管理學院"),
      ("建築專業學院學士班", "建築專業學院"),
      ("建築學士學位學程", "建築專業學院"),
      ("室內設計學士學位學程", "建築專業學院"),
      ("創新設計學士學位學程", "建築專業學院"),
      ("室內設計進修學士班", "建築專業學院"),
      ("人工智慧技術與應用學士學位學程", "創能學院"),
      ("全校國際生大一不分系學士班", "通識教育中心");
*/

/*-----------------------------INSERT INTO Student-----------------------------------*/
INSERT INTO Student VALUES ('D1059887','劉宥宏',2,'丁','資訊工程學系',31);
INSERT INTO Student VALUES ('D1059754','陳螢霆',2,'丁','資訊工程學系',9);
INSERT INTO Student VALUES ('D1060106','蔡明憲',2,'丁','資訊工程學系',0);
INSERT INTO Student VALUES ('D1060064','林勤恩',2,'丁','資訊工程學系',0);
INSERT INTO Student VALUES ('D1093071','林珈辰',2,'丁','資訊工程學系',0);
INSERT INTO Student VALUES ('D1051234','劉佐勴',2,'甲','資訊工程學系',0);
INSERT INTO Student VALUES ('D1061234','陳黯邢',2,'甲','資訊工程學系',0);
INSERT INTO Student VALUES ('D1070001','蔡闇法',2,'乙','資訊工程學系',0);
INSERT INTO Student VALUES ('D1070002','中江輝',2,'乙','資訊工程學系',0);
INSERT INTO Student VALUES ('D1070003','劉尚哲',2,'丙','資訊工程學系',0);
INSERT INTO Student VALUES ('D1070004','劉文鑫',2,'丙','資訊工程學系',0);
INSERT INTO Student VALUES ('D1070005','劉新惠',2,'甲','電機工程學系',0);
INSERT INTO Student VALUES ('D1070006','劉秋彤',2,'甲','電機工程學系',0);
INSERT INTO Student VALUES ('D1070007','古恆宇',2,'甲','電機工程學系',0);
INSERT INTO Student VALUES ('D1070008','吳伃涵',2,'乙','電機工程學系',0);
INSERT INTO Student VALUES ('D1070009','吳建凱',2,'乙','電機工程學系',0);
INSERT INTO Student VALUES ('D1070010','吳欣穎',2,'乙','電機工程學系',0);
INSERT INTO Student VALUES ('D1070011','呂梓叡',2,'丙','電機工程學系',0);
INSERT INTO Student VALUES ('D1070012','周庭緯',2,'丙','電機工程學系',0);
INSERT INTO Student VALUES ('D1070013','夏增平',2,'丙','電機工程學系',0);
INSERT INTO Student VALUES ('D1070014','尤婕蓉',2,'丁','電機工程學系',0);
INSERT INTO Student VALUES ('D1070015','張珮怡',2,'丁','電機工程學系',0);
INSERT INTO Student VALUES ('D1070016','張秉睿',2,'丁','電機工程學系',0);
INSERT INTO Student VALUES ('D1070017','曾婕芸',2,'甲','電子工程學系',0);
INSERT INTO Student VALUES ('D1070018','曾楷軒',2,'甲','電子工程學系',0);
INSERT INTO Student VALUES ('D1070019','曾郁淇',2,'乙','電子工程學系',0);
INSERT INTO Student VALUES ('D1070020','朱芷寬',2,'乙','電子工程學系',0);
INSERT INTO Student VALUES ('D1070021','李亞翰',2,'丙','電子工程學系',0);
INSERT INTO Student VALUES ('D1070022','李志鼎',2,'丙','電子工程學系',0);
INSERT INTO Student VALUES ('D1070023','李政達',2,'丙','電子工程學系',0);
INSERT INTO Student VALUES ('D1070024','李福龍',2,'丁','電子工程學系',0);
INSERT INTO Student VALUES ('D1070025','杞弘昱',2,'丁','電子工程學系',0);
INSERT INTO Student VALUES ('D1070026','林易威',2,'丁','電子工程學系',0);
INSERT INTO Student VALUES ('D1070028','林柏宇',2,'甲','通訊工程學系',0);
INSERT INTO Student VALUES ('D1070029','林辰叡',2,'甲','通訊工程學系',0);
INSERT INTO Student VALUES ('D1070030','林郁倫',2,'乙','通訊工程學系',0);
INSERT INTO Student VALUES ('D1070031','柳柏宇',2,'乙','通訊工程學系',0);
INSERT INTO Student VALUES ('D1070032','梁桓維',2,'丙','通訊工程學系',0);
INSERT INTO Student VALUES ('D1070033','楊雨宸',2,'丙','通訊工程學系',0);
INSERT INTO Student VALUES ('D1070034','江明俊',2,'丙','通訊工程學系',0);
INSERT INTO Student VALUES ('D1070035','江榕家',2,'丁','通訊工程學系',0);
INSERT INTO Student VALUES ('D1070036','洪梓祐',2,'丁','通訊工程學系',0);
INSERT INTO Student VALUES ('D1070037','洪正勳',2,'丁','通訊工程學系',0);
INSERT INTO Student VALUES ('D1070038','潘柏叡',2,'甲','自動控制工程學系',0);
INSERT INTO Student VALUES ('D1070039','王品涵',2,'甲','自動控制工程學系',0);
INSERT INTO Student VALUES ('D1070040','王岳華',2,'甲','自動控制工程學系',0);
INSERT INTO Student VALUES ('D1070041','王晏麟',2,'乙','自動控制工程學系',0);
INSERT INTO Student VALUES ('D1070042','王柚彭',2,'乙','自動控制工程學系',0);
INSERT INTO Student VALUES ('D1070043','王竣翔',2,'乙','自動控制工程學系',0);
INSERT INTO Student VALUES ('D1070044','白翔哲',2,'丙','自動控制工程學系',0);
INSERT INTO Student VALUES ('D1070045','盧偉宸',2,'丙','自動控制工程學系',0);
INSERT INTO Student VALUES ('D1070046','秦靜祥',2,'丁','自動控制工程學系',0);
INSERT INTO Student VALUES ('D1070047','簡子霖',2,'丁','自動控制工程學系',0);
/*
INSERT INTO Student 
VALUES("D1059887", "劉宥宏", 2, "丁", "資訊工程學系", 9),
      ("D1059754", "陳螢霆", 2, "丁", "資訊工程學系", 0),
      ("D1060106", "蔡明憲", 2, "丁", "資訊工程學系", 0),
      ("D1060064", "林勤恩", 2, "丁", "資訊工程學系", 0),
      ("D1093071", "林珈辰", 2, "丁", "資訊工程學系", 0),
      ("D1051234", "劉佐勴", 2, "丁", "自動控制工程學系", 0),
      ("D1061234", "陳黯邢", 2, "丁", "通訊工程學系", 0),
      ("D1061234", "蔡闇法", 2, "丁", "電機工程學系", 0);
*/
/*-----------------------------INSERT INTO Course------------------------------------*/
INSERT INTO Course VALUES (1260,'系統程式','資訊工程學系',2,3,'必修');
INSERT INTO Course VALUES (1261,'資料庫系統','資訊工程學系',2,3,'必修');
INSERT INTO Course VALUES (1262,'機率與統計','資訊工程學系',2,3,'必修');
INSERT INTO Course VALUES (1263,'互連網路','資訊工程學系',2,3,'選修');
INSERT INTO Course VALUES (1264,'多媒體系統','資訊工程學系',2,3,'選修');
INSERT INTO Course VALUES (1265,'組合數學','資訊工程學系',2,3,'選修');
INSERT INTO Course VALUES (1267,'數位系統設計','資訊工程學系',2,3,'選修');
INSERT INTO Course VALUES (1268,'數位系統設計實驗','資訊工程學系',2,1,'選修');
INSERT INTO Course VALUES (1269,'UNIX應用與實務','資訊工程學系',2,2,'選修');
INSERT INTO Course VALUES (3543,'Web程式設計','資訊工程學系',2,3,'選修');
INSERT INTO Course VALUES (3545,'系統分析與設計','資訊工程學系',2,3,'選修');
INSERT INTO Course VALUES (3547,'UNIX應用與實務','資訊工程學系',2,2,'選修');
INSERT INTO Course VALUES (3551,'電子商務安全','資訊工程學系',2,3,'選修');
INSERT INTO Course VALUES (3552,'電子商務安全','資訊工程學系',2,3,'選修');
/*
INSERT INTO Course 
VALUES(1260, "系統程式", "資訊工程學系", 2, 3, "必修"),
      (1261, "資料庫系統", "資訊工程學系", 2, 3, "必修"),
      (1262, "機率與統計", "資訊工程學系", 2, 3, "必修"),
      (1263, "互連網路", "資訊工程學系", 2, 3, "選修"),
      (1264, "多媒體系統", "資訊工程學系", 2, 3, "選修"),
      (1265, "組合數學", "資訊工程學系", 2, 3, "選修"),
      (1267, "數位系統設計", "資訊工程學系", 2, 3, "選修"),
      (1268, "數位系統設計實驗", "資訊工程學系", 2, 1, "選修"),
      (1269, "UNIX應用與實務", "資訊工程學系", 2, 2, "選修"),
      (3543, "Web程式設計", "資訊工程學系", 2, 3, "選修"),
      (3545, "系統分析與設計", "資訊工程學系", 2, 3, "選修"),
      (3551, "電子商務安全", "資訊工程學系", 2, 3, "選修"),
      (3552, "電子商務安全", "資訊工程學系", 2, 3, "選修"),
      (, "", "資訊工程學系", 2, , ""),
      (, "", "資訊工程學系", 2, , ""),
      (, "", "資訊工程學系", 2, , ""),
      (, "", "資訊工程學系", 2, , ""),
      (, "", "資訊工程學系", 2, , ""),
      (, "", "資訊工程學系", 2, , ""),
      (, "", "資訊工程學系", 2, , "");
*/
/*-----------------------------INSERT INTO Instructor--------------------------------*/
INSERT INTO Instructor VALUES (1,'李榮三','資訊工程學系');
INSERT INTO Instructor VALUES (2,'楊濬中','資訊工程學系');
INSERT INTO Instructor VALUES (3,'劉安之','資訊工程學系');
INSERT INTO Instructor VALUES (4,'曾煜棋','資訊工程學系');
INSERT INTO Instructor VALUES (5,'張真誠','資訊工程學系');
INSERT INTO Instructor VALUES (6,'桑慧敏','資訊工程學系');
INSERT INTO Instructor VALUES (7,'竇其仁','資訊工程學系');
INSERT INTO Instructor VALUES (8,'王益文','資訊工程學系');
INSERT INTO Instructor VALUES (9,'李俊宏','資訊工程學系');
INSERT INTO Instructor VALUES (10,'李維斌','資訊工程學系');
INSERT INTO Instructor VALUES (11,'林哲維','資訊工程學系');
INSERT INTO Instructor VALUES (12,'林志敏','資訊工程學系');
INSERT INTO Instructor VALUES (13,'林峰正','資訊工程學系');
INSERT INTO Instructor VALUES (14,'林明言','資訊工程學系');
INSERT INTO Instructor VALUES (15,'林佩君','資訊工程學系');
INSERT INTO Instructor VALUES (16,'洪振偉','資訊工程學系');
INSERT INTO Instructor VALUES (17,'洪維志','資訊工程學系');
INSERT INTO Instructor VALUES (18,'張哲誠','資訊工程學系');
INSERT INTO Instructor VALUES (19,'陳青文','資訊工程學系');
INSERT INTO Instructor VALUES (20,'陳啟鏘','資訊工程學系');
INSERT INTO Instructor VALUES (21,'陳德生','資訊工程學系');
INSERT INTO Instructor VALUES (22,'陳錫民','資訊工程學系');
INSERT INTO Instructor VALUES (23,'陳烈武','資訊工程學系');
INSERT INTO Instructor VALUES (24,'許芳榮','資訊工程學系');
INSERT INTO Instructor VALUES (25,'許懷中','資訊工程學系');
INSERT INTO Instructor VALUES (26,'黃秀芬','資訊工程學系');
INSERT INTO Instructor VALUES (27,'郭崇韋','資訊工程學系');
INSERT INTO Instructor VALUES (28,'游景盛','資訊工程學系');
INSERT INTO Instructor VALUES (29,'葉春秀','資訊工程學系');
INSERT INTO Instructor VALUES (30,'劉明機','資訊工程學系');
INSERT INTO Instructor VALUES (31,'劉宗杰','資訊工程學系');
INSERT INTO Instructor VALUES (32,'劉怡芬','資訊工程學系');
INSERT INTO Instructor VALUES (33,'蔡國裕','資訊工程學系');
INSERT INTO Instructor VALUES (34,'蔡明翰','資訊工程學系');
INSERT INTO Instructor VALUES (35,'賴傳淇','資訊工程學系');
INSERT INTO Instructor VALUES (36,'薛念林','資訊工程學系');
INSERT INTO Instructor VALUES (37,'張貴忠','資訊工程學系');
INSERT INTO Instructor VALUES (38,'魏國瑞','資訊工程學系');
INSERT INTO Instructor VALUES (39,'夏偉中','資訊工程學系');
INSERT INTO Instructor VALUES (40,'吳上玄','資訊工程學系');
INSERT INTO Instructor VALUES (41,'曾昭文','資訊工程學系');
INSERT INTO Instructor VALUES (42,'陳星百','資訊工程學系');
INSERT INTO Instructor VALUES (43,'楊晴雯','資訊工程學系');
INSERT INTO Instructor VALUES (44,'范勻怡','資訊工程學系');
INSERT INTO Instructor VALUES (45,'周兆龍','資訊工程學系');
INSERT INTO Instructor VALUES (46,'周智禾','資訊工程學系');
INSERT INTO Instructor VALUES (47,'詹毓偉','資訊工程學系');
INSERT INTO Instructor VALUES (48,'吳育倫','資訊工程學系');
INSERT INTO Instructor VALUES (49,'蔡明峰','資訊工程學系');
INSERT INTO Instructor VALUES (50,'張舜賢','資訊工程學系');
INSERT INTO Instructor VALUES (51,'齊立平','電機工程學系');
INSERT INTO Instructor VALUES (52,'賴炎生','電機工程學系');
INSERT INTO Instructor VALUES (53,'孫慶成','電機工程學系');
INSERT INTO Instructor VALUES (54,'莊晴光','電機工程學系');
INSERT INTO Instructor VALUES (55,'Jonathan Knight','電機工程學系');
INSERT INTO Instructor VALUES (56,'劉文豐','電機工程學系');
INSERT INTO Instructor VALUES (57,'田春林','電機工程學系');
INSERT INTO Instructor VALUES (58,'沈昭元','電機工程學系');
INSERT INTO Instructor VALUES (59,'鄭進興','電機工程學系');
INSERT INTO Instructor VALUES (60,'何子儀','電機工程學系');
INSERT INTO Instructor VALUES (61,'梁寶芝','電機工程學系');
INSERT INTO Instructor VALUES (62,'黃思倫','電機工程學系');
INSERT INTO Instructor VALUES (63,'陳坤煌','電機工程學系');
INSERT INTO Instructor VALUES (64,'謝振中','電機工程學系');
INSERT INTO Instructor VALUES (65,'洪耀正','電機工程學系');
INSERT INTO Instructor VALUES (66,'王壘','電機工程學系');
INSERT INTO Instructor VALUES (67,'陳志強','電機工程學系');
INSERT INTO Instructor VALUES (68,'李企桓','電機工程學系');
INSERT INTO Instructor VALUES (69,'曹嶸','電機工程學系');
INSERT INTO Instructor VALUES (70,'楊菁菁','電機工程學系');
INSERT INTO Instructor VALUES (71,'黃定彝','電機工程學系');
INSERT INTO Instructor VALUES (72,'徐士賢','電機工程學系');
INSERT INTO Instructor VALUES (73,'游易霖','電機工程學系');
INSERT INTO Instructor VALUES (74,'王丁勇','電機工程學系');
INSERT INTO Instructor VALUES (75,'黃俊瑋','電機工程學系');
INSERT INTO Instructor VALUES (76,'洪聖均','電機工程學系');
INSERT INTO Instructor VALUES (77,'林俊佑','電機工程學系');
INSERT INTO Instructor VALUES (78,'劉紹宗','電機工程學系');
INSERT INTO Instructor VALUES (79,'韓端勇','電機工程學系');
INSERT INTO Instructor VALUES (80,'謝嵩淮','電機工程學系');
INSERT INTO Instructor VALUES (81,'洪天富','電機工程學系');
INSERT INTO Instructor VALUES (82,'劉鎧螎','電機工程學系');
INSERT INTO Instructor VALUES (83,'吳重雨','電子工程學系');
INSERT INTO Instructor VALUES (84,'陳家富','電子工程學系');
INSERT INTO Instructor VALUES (85,'劉俊傑','電子工程學系');
INSERT INTO Instructor VALUES (86,'楊光磊','電子工程學系');
INSERT INTO Instructor VALUES (87,'楊宇浩','電子工程學系');
INSERT INTO Instructor VALUES (88,'葉福海','電子工程學系');
INSERT INTO Instructor VALUES (89,'楊文祿','電子工程學系');
INSERT INTO Instructor VALUES (90,'施仁斌','電子工程學系');
INSERT INTO Instructor VALUES (91,'李景松','電子工程學系');
INSERT INTO Instructor VALUES (92,'鄭經華','電子工程學系');
INSERT INTO Instructor VALUES (93,'劉堂傑','電子工程學系');
INSERT INTO Instructor VALUES (94,'簡鳳佐','電子工程學系');
INSERT INTO Instructor VALUES (95,'林宗志','電子工程學系');
INSERT INTO Instructor VALUES (96,'康宗貴','電子工程學系');
INSERT INTO Instructor VALUES (97,'林成利','電子工程學系');
INSERT INTO Instructor VALUES (98,'林碩泰','電子工程學系');
INSERT INTO Instructor VALUES (99,'羅仕守','電子工程學系');
INSERT INTO Instructor VALUES (100,'楊炳章','電子工程學系');
INSERT INTO Instructor VALUES (101,'陳冠宏','電子工程學系');
INSERT INTO Instructor VALUES (102,'許恒壽','電子工程學系');
INSERT INTO Instructor VALUES (103,'梁詩婷','電子工程學系');
INSERT INTO Instructor VALUES (104,'洪振傑','電子工程學系');
INSERT INTO Instructor VALUES (105,'王通温','電子工程學系');
INSERT INTO Instructor VALUES (106,'莊嶸騰','電子工程學系');
INSERT INTO Instructor VALUES (107,'魏傳昇','電子工程學系');
INSERT INTO Instructor VALUES (108,'蕭敏學','電子工程學系');
INSERT INTO Instructor VALUES (109,'王馭熊','電子工程學系');
INSERT INTO Instructor VALUES (110,'吳鴻璋','電子工程學系');
INSERT INTO Instructor VALUES (111,'李國暥','電子工程學系');
INSERT INTO Instructor VALUES (112,'諶志吉','電子工程學系');
INSERT INTO Instructor VALUES (113,'邱俊榮','電子工程學系');
INSERT INTO Instructor VALUES (114,'陳俊雄','電子工程學系');
INSERT INTO Instructor VALUES (115,'陳松全','電子工程學系');
INSERT INTO Instructor VALUES (116,'黃清輝','電子工程學系');
INSERT INTO Instructor VALUES (117,'廖崇硯','電子工程學系');
INSERT INTO Instructor VALUES (118,'吳承炎','電子工程學系');
INSERT INTO Instructor VALUES (119,'毛慶宜','電子工程學系');
INSERT INTO Instructor VALUES (120,'邱晴菲','電子工程學系');
INSERT INTO Instructor VALUES (121,'邱創乾','自動控制工程學系');
INSERT INTO Instructor VALUES (122,'李祖聖','自動控制工程學系');
INSERT INTO Instructor VALUES (123,'張金堅','自動控制工程學系');
INSERT INTO Instructor VALUES (124,'謝哲光','自動控制工程學系');
INSERT INTO Instructor VALUES (125,'林宸生','自動控制工程學系');
INSERT INTO Instructor VALUES (126,'林賢龍','自動控制工程學系');
INSERT INTO Instructor VALUES (127,'張興政','自動控制工程學系');
INSERT INTO Instructor VALUES (128,'鄒慶福','自動控制工程學系');
INSERT INTO Instructor VALUES (129,'劉益瑞','自動控制工程學系');
INSERT INTO Instructor VALUES (130,'洪三山','自動控制工程學系');
INSERT INTO Instructor VALUES (131,'林育德','自動控制工程學系');
INSERT INTO Instructor VALUES (132,'沈祖望','自動控制工程學系');
INSERT INTO Instructor VALUES (133,'林昱成','自動控制工程學系');
INSERT INTO Instructor VALUES (134,'陳孝武','自動控制工程學系');
INSERT INTO Instructor VALUES (135,'黃建立','自動控制工程學系');
INSERT INTO Instructor VALUES (136,'林南州','自動控制工程學系');
INSERT INTO Instructor VALUES (137,'陳鏡崑','自動控制工程學系');
INSERT INTO Instructor VALUES (138,'廖本義','自動控制工程學系');
INSERT INTO Instructor VALUES (139,'陳志成','自動控制工程學系');
INSERT INTO Instructor VALUES (140,'謝男凱','自動控制工程學系');
INSERT INTO Instructor VALUES (141,'林上智','自動控制工程學系');
INSERT INTO Instructor VALUES (142,'翟本喬','通訊工程學系');
INSERT INTO Instructor VALUES (143,'周碩彥','通訊工程學系');
INSERT INTO Instructor VALUES (144,'江俊明','通訊工程學系');
INSERT INTO Instructor VALUES (145,'廖和恩','通訊工程學系');
INSERT INTO Instructor VALUES (146,'林立謙','通訊工程學系');
INSERT INTO Instructor VALUES (147,'林漢年','通訊工程學系');
INSERT INTO Instructor VALUES (148,'彭嘉美','通訊工程學系');
INSERT INTO Instructor VALUES (149,'陸清達','通訊工程學系');
INSERT INTO Instructor VALUES (150,'楊豐瑞','通訊工程學系');
INSERT INTO Instructor VALUES (151,'辛正和','通訊工程學系');
INSERT INTO Instructor VALUES (152,'尤正祺','通訊工程學系');
INSERT INTO Instructor VALUES (153,'趙啟時','通訊工程學系');
INSERT INTO Instructor VALUES (154,'袁世一','通訊工程學系');
INSERT INTO Instructor VALUES (155,'陳益生','通訊工程學系');
INSERT INTO Instructor VALUES (156,'林維崙','通訊工程學系');
INSERT INTO Instructor VALUES (157,'陳家豪','通訊工程學系');
INSERT INTO Instructor VALUES (158,'鄒耀東','通訊工程學系');
INSERT INTO Instructor VALUES (159,'張其棟','通訊工程學系');
INSERT INTO Instructor VALUES (160,'朱嘯秋','通訊工程學系');
INSERT INTO Instructor VALUES (161,'陳立勝','通訊工程學系');
INSERT INTO Instructor VALUES (162,'蔡昂勳','通訊工程學系');
INSERT INTO Instructor VALUES (163,'彭嘉美','資訊電機學院學士班');
INSERT INTO Instructor VALUES (164,'林育德','資訊電機學院學士班');
INSERT INTO Instructor VALUES (165,'陳坤煌','資訊電機學院學士班');
INSERT INTO Instructor VALUES (166,'劉堂傑','資訊電機學院學士班');
INSERT INTO Instructor VALUES (167,'沈祖望','資訊電機學院學士班');
INSERT INTO Instructor VALUES (168,'李榮三','資訊電機學院學士班');
INSERT INTO Instructor VALUES (169,'張哲誠','資訊電機學院學士班');
INSERT INTO Instructor VALUES (170,'林維崙','資訊電機學院學士班');
INSERT INTO Instructor VALUES (171,'王益文','資訊電機學院學士班');
INSERT INTO Instructor VALUES (172,'袁世一','資訊電機學院學士班');
INSERT INTO Instructor VALUES (173,'楊豐瑞','資訊電機學院學士班');
INSERT INTO Instructor VALUES (174,'陳家豪','資訊電機學院學士班');
INSERT INTO Instructor VALUES (175,'陳志強','資訊電機學院學士班');
INSERT INTO Instructor VALUES (176,'陳鏡崑','資訊電機學院學士班');
INSERT INTO Instructor VALUES (177,'洪振傑','資訊電機學院學士班');
INSERT INTO Instructor VALUES (178,'張貴忠','資訊電機學院學士班');
/*
INSERT INTO Instructor 
VALUES(1, "劉宗杰", "資訊工程學系"),
      (2, "許懷中", "資訊工程學系"),
      (3, "劉怡芬", "資訊工程學系"),
      (4, "葉春秀", "資訊工程學系"),
      (5, "游景盛", "資訊工程學系"),
      (6, "陳德生", "資訊工程學系"),
      (7, "竇其仁", "資訊工程學系"),
      (8, "薛念林", "資訊工程學系"),
      (9, "洪振偉", "資訊工程學系"),
      (10, "劉明機", "資訊工程學系"),
      (11, "魏國瑞", "資訊工程學系"),
      (12, "周澤捷", "資訊工程學系"),
      (, "", "資訊工程學系"),
      (, "", "資訊工程學系"),
      (, "", "資訊工程學系"),
      (, "", "資訊工程學系"),
      (, "", "資訊工程學系"),
      (, "", "資訊工程學系"),
      (, "", "資訊工程學系");
*/
/*-----------------------------INSERT INTO Section-----------------------------------*/
INSERT INTO Section VALUES (1260,'系統程式','資訊二丁',7,2,1260,31);
INSERT INTO Section VALUES (1261,'資料庫系統','資訊二丁',7,2,1261,25);
INSERT INTO Section VALUES (1262,'機率與統計','資訊二丁',7,2,1262,32);
-- INSERT INTO Section VALUES (1263,'互連網路','資訊二丁',7,5,1);
-- INSERT INTO Section VALUES (1264,'多媒體系統','資訊二丁',7,6,4);
-- INSERT INTO Section VALUES (1265,'組合數學','資訊二丁',7,6,5);
-- INSERT INTO Section VALUES (1267,'數位系統設計','資訊二丁',6,3,6);
-- INSERT INTO Section VALUES (1268,'數位系統設計實驗','資訊二丁',6,3,6);
-- INSERT INTO Section VALUES (1269,'UNIX應用與實務','資訊二丁',7,7,7);
-- INSERT INTO Section VALUES (3543,'Web程式設計','資訊二丁',6,6,8);
-- INSERT INTO Section VALUES (3545,'系統分析與設計','資訊二丁',7,4,9);
-- INSERT INTO Section VALUES (3547,'UNIX應用與實務','資訊二丁',7,6,10);
-- INSERT INTO Section VALUES (3551,'電子商務安全','資訊二丁',7,6,11);
-- INSERT INTO Section VALUES (3552,'電子商務安全','資訊二丁',7,7,12);
/*
INSERT INTO Section 
VALUES(1260, "系統程式", "資訊二丁", 70, 70, 1),
      (1261, "資料庫系統", "資訊二丁", 71, 71, 2),
      (1262, "機率與統計", "資訊二丁", 70, 61, 3),
      (1263, "互連網路", "資訊二丁", 72, 51, 1),
      (1264, "多媒體系統", "資訊二丁", 72, 69, 4),
      (1265, "組合數學", "資訊二丁", 72, 69, 5),
      (1267, "數位系統設計", "資訊二丁", 60, 33, 6),
      (1268, "數位系統設計實驗", "資訊二丁", 60, 34, 6),
      (1269, "UNIX應用與實務", "資訊二丁", 73, 73, 7),
      (3543, "Web程式設計", "資訊二丁", 63, 63, 8),
      (3545, "系統分析與設計", "資訊二丁", 72, 41, 9),
      (3547, "UNIX應用與實務", "資訊二丁", 72, 68, 10),
      (3551, "電子商務安全", "資訊二丁", 72, 68, 11),
      (3552, "電子商務安全", "資訊二丁", 73, 73, 12),
      (, "", "資訊二丁", , , ),
      (, "", "資訊二丁", , , ),
      (, "", "資訊二丁", , , );
*/
/*-----------------------------INSERT INTO SelectDetail------------------------------*/
INSERT INTO SelectDetail
VALUES("D1059887", 1260),
	  ("D1059887", 1261),
      ("D1059887", 1262),
      ("D1059754", 1260),
	  ("D1059754", 1261),
      ("D1059754", 1262);
      
/*-----------------------------INSERT INTO LectureDetail-----------------------------*/
/*-----------------------------INSERT INTO TimeSlot----------------------------------*/
INSERT INTO TimeSlot
VALUES(1260, 1, 3, 4),
	  (1260, 4, 4, 4),
	  (1261, 1, 6, 6),
	  (1261, 2, 3, 4),
	  (1262, 1, 7, 7),
	  (1262, 4, 7, 8);
     