/*-----------------------------INSERT INTO Department--------------------------------*/
INSERT INTO Department VALUES ('纖維與複合材料學系','工程與科學學院');
INSERT INTO Department VALUES ('機械與電腦輔助工程學系','工程與科學學院');
INSERT INTO Department VALUES ('工業工程與系統管理學系','工程與科學學院');
INSERT INTO Department VALUES ('化學工程學系','工程與科學學院');
INSERT INTO Department VALUES ('航太與系統工程學系','工程與科學學院');
INSERT INTO Department VALUES ('精密系統設計學士學位學程','工程與科學學院');
INSERT INTO Department VALUES ('應用數學系','工程與科學學院');
INSERT INTO Department VALUES ('環境工程與科學學系','工程與科學學院');
INSERT INTO Department VALUES ('材料科學與工程學系','工程與科學學院');
INSERT INTO Department VALUES ('光電科學與工程學系','工程與科學學院');
INSERT INTO Department VALUES ('會計學系','商學院');
INSERT INTO Department VALUES ('國際經營與貿易學系','商學院');
INSERT INTO Department VALUES ('國際企業管理全英語學士學位學程','商學院');
INSERT INTO Department VALUES ('財稅學系','商學院');
INSERT INTO Department VALUES ('合作經濟暨社會事業經營學系','商學院');
INSERT INTO Department VALUES ('統計學系','商學院');
INSERT INTO Department VALUES ('經濟學系','商學院');
INSERT INTO Department VALUES ('企業管理學系','商學院');
INSERT INTO Department VALUES ('行銷學系','商學院');
INSERT INTO Department VALUES ('商學學士學位學程','商學院');
INSERT INTO Department VALUES ('中國文學系','人文社會學院');
INSERT INTO Department VALUES ('外國語文學系','人文社會學院');
INSERT INTO Department VALUES ('人文社會學士學位學程','人文社會學院');
INSERT INTO Department VALUES ('資訊工程學系','資訊電機學院');
INSERT INTO Department VALUES ('電機工程學系','資訊電機學院');
INSERT INTO Department VALUES ('電子工程學系','資訊電機學院');
INSERT INTO Department VALUES ('自動控制工程學系','資訊電機學院');
INSERT INTO Department VALUES ('通訊工程學系','資訊電機學院');
INSERT INTO Department VALUES ('資訊電機學院學士班','資訊電機學院');
INSERT INTO Department VALUES ('土木工程學系','建設學院');
INSERT INTO Department VALUES ('水利工程與資源保育學系','建設學院');
INSERT INTO Department VALUES ('都市計畫與空間資訊學系','建設學院');
INSERT INTO Department VALUES ('運輸與物流學系','建設學院');
INSERT INTO Department VALUES ('土地管理學系','建設學院');
INSERT INTO Department VALUES ('風險管理與保險學系','金融學院');
INSERT INTO Department VALUES ('財務金融學系','金融學院');
INSERT INTO Department VALUES ('財務工程與精算學士學位學程','金融學院');
INSERT INTO Department VALUES ('澳洲墨爾本皇家理工大學商學與創新雙學士學位學程','國際科技與管理學院');
INSERT INTO Department VALUES ('美國加州聖荷西州立大學商學大數據雙學士學位學程','國際科技與管理學院');
INSERT INTO Department VALUES ('美國普渡大學電機資訊雙學士學位學程','國際科技與管理學院');
INSERT INTO Department VALUES ('美國加州聖荷西州立大學工程雙學士學位學程','國際科技與管理學院');
INSERT INTO Department VALUES ('美國加州舊金山州立大學資訊工程雙學士學位學程','國際科技與管理學院');
INSERT INTO Department VALUES ('澳洲昆土蘭大學商學雙學士學位學程','國際科技與管理學院');
INSERT INTO Department VALUES ('建築專業學院學士班','建築專業學院');
INSERT INTO Department VALUES ('建築學士學位學程','建築專業學院');
INSERT INTO Department VALUES ('室內設計學士學位學程','建築專業學院');
INSERT INTO Department VALUES ('創新設計學士學位學程','建築專業學院');
INSERT INTO Department VALUES ('室內設計進修學士班','建築專業學院');
INSERT INTO Department VALUES ('人工智慧技術與應用學士學位學程','創能學院');
INSERT INTO Department VALUES ('全校國際生大一不分系學士班','通識教育中心');
INSERT INTO Department VALUES ('歷史與文物研究所','人言大樓');
-- INSERT INTO Department VALUES ('通識教育中心','通識中心');

/*-----------------------------INSERT INTO Student-----------------------------------*/
INSERT INTO Student VALUES ('D1070001','陳黯邢',2,'甲','資訊工程學系',9);
INSERT INTO Student VALUES ('D1070002','劉佐勴',2,'甲','資訊工程學系',9);
INSERT INTO Student VALUES ('D1070003','謝雪',2,'甲','資訊工程學系',9);
INSERT INTO Student VALUES ('D1070004','王紫裕',2,'甲','資訊工程學系',9);
INSERT INTO Student VALUES ('D1070005','劉尚呂',2,'甲','資訊工程學系',11);
INSERT INTO Student VALUES ('D1070006','蔡賈',2,'甲','資訊工程學系',10);
INSERT INTO Student VALUES ('D1070007','蔡闇法',2,'乙','資訊工程學系',9);
INSERT INTO Student VALUES ('D1070008','中江輝',2,'乙','資訊工程學系',10);
INSERT INTO Student VALUES ('D1070009','萬余',2,'乙','資訊工程學系',8);
INSERT INTO Student VALUES ('D1070010','劉備',2,'乙','資訊工程學系',9);
INSERT INTO Student VALUES ('D1070011','關羽',2,'乙','資訊工程學系',8);
INSERT INTO Student VALUES ('D1070012','張飛',2,'乙','資訊工程學系',9);
INSERT INTO Student VALUES ('D1070013','孔明',2,'乙','資訊工程學系',9);
INSERT INTO Student VALUES ('D1070014','劉尚哲',2,'丙','資訊工程學系',8);
INSERT INTO Student VALUES ('D1070015','劉文鑫',2,'丙','資訊工程學系',10);
INSERT INTO Student VALUES ('D1070016','蔡霞',2,'丙','資訊工程學系',9);
INSERT INTO Student VALUES ('D1070017','周興瑆',2,'丙','資訊工程學系',10);
INSERT INTO Student VALUES ('D1070018','陳宏允',2,'丙','資訊工程學系',10);
INSERT INTO Student VALUES ('D1059754','陳螢霆',2,'丁','資訊工程學系',10);
INSERT INTO Student VALUES ('D1059887','劉宥宏',2,'丁','資訊工程學系',9);
INSERT INTO Student VALUES ('D1060064','林勤恩',2,'丁','資訊工程學系',9);
INSERT INTO Student VALUES ('D1060106','蔡明憲',2,'丁','資訊工程學系',11);
INSERT INTO Student VALUES ('D1093071','林珈辰',2,'丁','資訊工程學系',7);
INSERT INTO Student VALUES ('D1070019','劉新惠',2,'甲','電機工程學系',10);
INSERT INTO Student VALUES ('D1070020','劉秋彤',2,'甲','電機工程學系',10);
INSERT INTO Student VALUES ('D1070021','古恆宇',2,'甲','電機工程學系',9);
INSERT INTO Student VALUES ('D1070022','吳伃涵',2,'甲','電機工程學系',11);
INSERT INTO Student VALUES ('D1070023','吳建凱',2,'甲','電機工程學系',9);
INSERT INTO Student VALUES ('D1070024','吳欣穎',2,'甲','電機工程學系',10);
INSERT INTO Student VALUES ('D1070025','呂梓叡',2,'乙','電機工程學系',10);
INSERT INTO Student VALUES ('D1070026','周庭緯',2,'乙','電機工程學系',10);
INSERT INTO Student VALUES ('D1070027','夏增平',2,'乙','電機工程學系',10);
INSERT INTO Student VALUES ('D1070028','尤婕蓉',2,'乙','電機工程學系',9);
INSERT INTO Student VALUES ('D1070029','張珮怡',2,'乙','電機工程學系',10);
INSERT INTO Student VALUES ('D1070030','張秉睿',2,'甲','電子工程學系',11);
INSERT INTO Student VALUES ('D1070031','曾婕芸',2,'甲','電子工程學系',10);
INSERT INTO Student VALUES ('D1070032','曾楷軒',2,'甲','電子工程學系',10);
INSERT INTO Student VALUES ('D1070033','馬楚',2,'甲','電子工程學系',11);
INSERT INTO Student VALUES ('D1070034','曾郁淇',2,'乙','電子工程學系',10);
INSERT INTO Student VALUES ('D1070035','朱芷寬',2,'乙','電子工程學系',11);
INSERT INTO Student VALUES ('D1070036','歐牧蜑',2,'乙','電子工程學系',10);
INSERT INTO Student VALUES ('D1070037','周裘俖',2,'乙','電子工程學系',10);
INSERT INTO Student VALUES ('D1070038','李亞翰',2,'丙','電子工程學系',11);
INSERT INTO Student VALUES ('D1070039','李志鼎',2,'丙','電子工程學系',10);
INSERT INTO Student VALUES ('D1070040','李政達',2,'丙','電子工程學系',11);
INSERT INTO Student VALUES ('D1070041','李福龍',2,'丙','電子工程學系',10);
INSERT INTO Student VALUES ('D1070042','杞弘昱',2,'丙','電子工程學系',11);
INSERT INTO Student VALUES ('D1070043','林易威',2,'丙','電子工程學系',10);
INSERT INTO Student VALUES ('D1070044','潘柏叡',2,'甲','自動控制工程學系',11);
INSERT INTO Student VALUES ('D1070045','王品涵',2,'甲','自動控制工程學系',10);
INSERT INTO Student VALUES ('D1070046','王岳華',2,'甲','自動控制工程學系',9);
INSERT INTO Student VALUES ('D1070047','王晏麟',2,'甲','自動控制工程學系',11);
INSERT INTO Student VALUES ('D1070048','王柚彭',2,'甲','自動控制工程學系',9);
INSERT INTO Student VALUES ('D1070049','王竣翔',2,'乙','自動控制工程學系',8);
INSERT INTO Student VALUES ('D1070050','白翔哲',2,'乙','自動控制工程學系',9);
INSERT INTO Student VALUES ('D1070051','盧偉宸',2,'乙','自動控制工程學系',9);
INSERT INTO Student VALUES ('D1070052','秦靜祥',2,'乙','自動控制工程學系',10);
INSERT INTO Student VALUES ('D1070053','簡子霖',2,'乙','自動控制工程學系',11);
INSERT INTO Student VALUES ('D1070054','林柏宇',2,'甲','通訊工程學系',8);
INSERT INTO Student VALUES ('D1070055','林辰叡',2,'甲','通訊工程學系',7);
INSERT INTO Student VALUES ('D1070056','梁桓維',2,'甲','通訊工程學系',9);
INSERT INTO Student VALUES ('D1070057','楊雨宸',2,'甲','通訊工程學系',9);
INSERT INTO Student VALUES ('D1070058','洪梓祐',2,'甲','通訊工程學系',8);
INSERT INTO Student VALUES ('D1070059','洪正勳',2,'甲','通訊工程學系',9);
INSERT INTO Student VALUES ('D1070060','林郁倫',2,'乙','通訊工程學系',8);
INSERT INTO Student VALUES ('D1070061','柳柏宇',2,'乙','通訊工程學系',9);
INSERT INTO Student VALUES ('D1070062','江明俊',2,'乙','通訊工程學系',8);
INSERT INTO Student VALUES ('D1070063','江榕家',2,'乙','通訊工程學系',9);

/*-----------------------------INSERT INTO Course------------------------------------*/
INSERT INTO Course VALUES (1,'班級活動','資訊工程學系',2,0,'必修');
INSERT INTO Course VALUES (2,'系統程式','資訊工程學系',2,3,'必修');
INSERT INTO Course VALUES (3,'資料庫系統','資訊工程學系',2,3,'必修');
INSERT INTO Course VALUES (4,'機率與統計','資訊工程學系',2,3,'必修');
INSERT INTO Course VALUES (5,'互連網路','資訊工程學系',2,3,'選修');
INSERT INTO Course VALUES (6,'多媒體系統','資訊工程學系',2,3,'選修');
INSERT INTO Course VALUES (7,'組合數學','資訊工程學系',2,3,'選修');
INSERT INTO Course VALUES (8,'數位系統設計','資訊工程學系',2,3,'選修');
INSERT INTO Course VALUES (9,'數位系統設計實驗','資訊工程學系',2,1,'選修');
INSERT INTO Course VALUES (10,'UNIX應用與實務','資訊工程學系',2,2,'選修');
INSERT INTO Course VALUES (11,'Web程式設計','資訊工程學系',2,3,'選修');
INSERT INTO Course VALUES (12,'系統分析與設計','資訊工程學系',2,3,'選修');
INSERT INTO Course VALUES (13,'電子商務安全','資訊工程學系',2,3,'選修');
INSERT INTO Course VALUES (14,'班級活動','電子工程學系',2,0,'必修');
INSERT INTO Course VALUES (15,'工程數學(二)','電子工程學系',2,3,'必修');
INSERT INTO Course VALUES (16,'信號與系統','電子工程學系',2,3,'必修');
INSERT INTO Course VALUES (17,'電子學(二)','電子工程學系',2,3,'必修');
INSERT INTO Course VALUES (18,'電子學實驗(二)','電子工程學系',2,1,'必修');
INSERT INTO Course VALUES (19,'電路學(二)','電子工程學系',2,3,'必修');
INSERT INTO Course VALUES (20,'電磁學(一)','電子工程學系',2,3,'必修');
INSERT INTO Course VALUES (21,'微處理機系統','電子工程學系',2,3,'必修');
INSERT INTO Course VALUES (22,'微處理機系統實習','電子工程學系',2,1,'必修');
INSERT INTO Course VALUES (23,'電子材料','電子工程學系',2,3,'選修');
INSERT INTO Course VALUES (24,'積體電路導論','電子工程學系',2,3,'選修');
INSERT INTO Course VALUES (25,'進階C#程式設計','電子工程學系',2,3,'選修');
INSERT INTO Course VALUES (26,'班級活動','電機工程學系',2,0,'必修');
INSERT INTO Course VALUES (27,'工程數學(二)','電機工程學系',2,3,'必修');
INSERT INTO Course VALUES (28,'信號與系統','電機工程學系',2,3,'必修');
INSERT INTO Course VALUES (29,'電子學(二)','電機工程學系',2,3,'必修');
INSERT INTO Course VALUES (30,'電子學實驗(二)','電機工程學系',2,1,'必修');
INSERT INTO Course VALUES (31,'電路學(二)','電機工程學系',2,3,'必修');
INSERT INTO Course VALUES (32,'電磁學(二)','電機工程學系',2,3,'必修');
INSERT INTO Course VALUES (33,'微處理機系統','電機工程學系',2,3,'必修');
INSERT INTO Course VALUES (34,'微處理機系統實習','電機工程學系',2,1,'必修');
INSERT INTO Course VALUES (35,'機率論','電機工程學系',2,3,'選修');
INSERT INTO Course VALUES (36,'系統程式','電機工程學系',2,3,'選修');
INSERT INTO Course VALUES (37,'班級活動','自動控制工程學系',2,0,'必修');
INSERT INTO Course VALUES (38,'工程數學(二)','自動控制工程學系',2,3,'必修');
INSERT INTO Course VALUES (39,'信號與系統','自動控制工程學系',2,3,'必修');
INSERT INTO Course VALUES (40,'感測與量度工程','自動控制工程學系',2,3,'必修');
INSERT INTO Course VALUES (41,'電子學(二)','自動控制工程學系',2,3,'必修');
INSERT INTO Course VALUES (42,'電子學實驗(二)','自動控制工程學系',2,1,'必修');
INSERT INTO Course VALUES (43,'電路學(二)','自動控制工程學系',2,3,'必修');
INSERT INTO Course VALUES (44,'工程圖學(含實習)','自動控制工程學系',2,3,'選修');
INSERT INTO Course VALUES (45,'可程式控制(含實驗)','自動控制工程學系',2,3,'選修');
INSERT INTO Course VALUES (46,'光機電工程(二)','自動控制工程學系',2,3,'選修');
INSERT INTO Course VALUES (47,'材料力學','自動控制工程學系',2,3,'選修');
INSERT INTO Course VALUES (48,'動力學','自動控制工程學系',2,3,'選修');
INSERT INTO Course VALUES (49,'班級活動','通訊工程學系',2,0,'必修');
INSERT INTO Course VALUES (50,'工程數學(二)','通訊工程學系',2,3,'必修');
INSERT INTO Course VALUES (51,'信號與系統','通訊工程學系',2,3,'必修');
INSERT INTO Course VALUES (52,'電子學(二)','通訊工程學系',2,3,'必修');
INSERT INTO Course VALUES (53,'電子學實驗(二)','通訊工程學系',2,1,'必修');
INSERT INTO Course VALUES (54,'電路學(二)','通訊工程學系',2,3,'必修');
INSERT INTO Course VALUES (55,'電磁學(一)','通訊工程學系',2,3,'必修');
INSERT INTO Course VALUES (56,'JAVA程式語言','通訊工程學系',2,3,'選修');
INSERT INTO Course VALUES (57,'物聯網應用實務','通訊工程學系',2,3,'選修');
-- INSERT INTO Course VALUES (15,'醫學與人生','通識教育中心',NULL,2,'選修');

/*-----------------------------INSERT INTO Instructor--------------------------------*/
INSERT INTO Instructor VALUES (1,'李榮三','資訊工程學系');
INSERT INTO Instructor VALUES (2,'楊濬中','資訊工程學系');
INSERT INTO Instructor VALUES (3,'劉安之','資訊工程學系');
INSERT INTO Instructor VALUES (4,'曾煜棋','資訊工程學系');
INSERT INTO Instructor VALUES (5,'張真誠','資訊工程學系');
INSERT INTO Instructor VALUES (6,'桑慧敏','資訊工程學系');
INSERT INTO Instructor VALUES (7,'竇其仁','資訊工程學系');
INSERT INTO Instructor VALUES (8,'王益文','資訊工程學系');
INSERT INTO Instructor VALUES (9,'李俊宏','資訊工程學系');
INSERT INTO Instructor VALUES (10,'李維斌','資訊工程學系');
INSERT INTO Instructor VALUES (11,'林哲維','資訊工程學系');
INSERT INTO Instructor VALUES (12,'林志敏','資訊工程學系');
INSERT INTO Instructor VALUES (13,'林峰正','資訊工程學系');
INSERT INTO Instructor VALUES (14,'林明言','資訊工程學系');
INSERT INTO Instructor VALUES (15,'林佩君','資訊工程學系');
INSERT INTO Instructor VALUES (16,'洪振偉','資訊工程學系');
INSERT INTO Instructor VALUES (17,'洪維志','資訊工程學系');
INSERT INTO Instructor VALUES (18,'張哲誠','資訊工程學系');
INSERT INTO Instructor VALUES (19,'陳青文','資訊工程學系');
INSERT INTO Instructor VALUES (20,'陳啟鏘','資訊工程學系');
INSERT INTO Instructor VALUES (21,'陳德生','資訊工程學系');
INSERT INTO Instructor VALUES (22,'陳錫民','資訊工程學系');
INSERT INTO Instructor VALUES (23,'陳烈武','資訊工程學系');
INSERT INTO Instructor VALUES (24,'許芳榮','資訊工程學系');
INSERT INTO Instructor VALUES (25,'許懷中','資訊工程學系');
INSERT INTO Instructor VALUES (26,'黃秀芬','資訊工程學系');
INSERT INTO Instructor VALUES (27,'郭崇韋','資訊工程學系');
INSERT INTO Instructor VALUES (28,'游景盛','資訊工程學系');
INSERT INTO Instructor VALUES (29,'葉春秀','資訊工程學系');
INSERT INTO Instructor VALUES (30,'劉明機','資訊工程學系');
INSERT INTO Instructor VALUES (31,'劉宗杰','資訊工程學系');
INSERT INTO Instructor VALUES (32,'劉怡芬','資訊工程學系');
INSERT INTO Instructor VALUES (33,'蔡國裕','資訊工程學系');
INSERT INTO Instructor VALUES (34,'蔡明翰','資訊工程學系');
INSERT INTO Instructor VALUES (35,'賴傳淇','資訊工程學系');
INSERT INTO Instructor VALUES (36,'薛念林','資訊工程學系');
INSERT INTO Instructor VALUES (37,'張貴忠','資訊工程學系');
INSERT INTO Instructor VALUES (38,'魏國瑞','資訊工程學系');
INSERT INTO Instructor VALUES (39,'夏偉中','資訊工程學系');
INSERT INTO Instructor VALUES (40,'吳上玄','資訊工程學系');
INSERT INTO Instructor VALUES (41,'曾昭文','資訊工程學系');
INSERT INTO Instructor VALUES (42,'陳星百','資訊工程學系');
INSERT INTO Instructor VALUES (43,'楊晴雯','資訊工程學系');
INSERT INTO Instructor VALUES (44,'范勻怡','資訊工程學系');
INSERT INTO Instructor VALUES (45,'周兆龍','資訊工程學系');
INSERT INTO Instructor VALUES (46,'周智禾','資訊工程學系');
INSERT INTO Instructor VALUES (47,'詹毓偉','資訊工程學系');
INSERT INTO Instructor VALUES (48,'吳育倫','資訊工程學系');
INSERT INTO Instructor VALUES (49,'蔡明峰','資訊工程學系');
INSERT INTO Instructor VALUES (50,'張舜賢','資訊工程學系');
INSERT INTO Instructor VALUES (51,'齊立平','電機工程學系');
INSERT INTO Instructor VALUES (52,'賴炎生','電機工程學系');
INSERT INTO Instructor VALUES (53,'孫慶成','電機工程學系');
INSERT INTO Instructor VALUES (54,'莊晴光','電機工程學系');
INSERT INTO Instructor VALUES (55,'Jonathan Knight','電機工程學系');
INSERT INTO Instructor VALUES (56,'劉文豐','電機工程學系');
INSERT INTO Instructor VALUES (57,'田春林','電機工程學系');
INSERT INTO Instructor VALUES (58,'沈昭元','電機工程學系');
INSERT INTO Instructor VALUES (59,'鄭進興','電機工程學系');
INSERT INTO Instructor VALUES (60,'何子儀','電機工程學系');
INSERT INTO Instructor VALUES (61,'梁寶芝','電機工程學系');
INSERT INTO Instructor VALUES (62,'黃思倫','電機工程學系');
INSERT INTO Instructor VALUES (63,'陳坤煌','電機工程學系');
INSERT INTO Instructor VALUES (64,'謝振中','電機工程學系');
INSERT INTO Instructor VALUES (65,'洪耀正','電機工程學系');
INSERT INTO Instructor VALUES (66,'王壘','電機工程學系');
INSERT INTO Instructor VALUES (67,'陳志強','電機工程學系');
INSERT INTO Instructor VALUES (68,'李企桓','電機工程學系');
INSERT INTO Instructor VALUES (69,'曹嶸','電機工程學系');
INSERT INTO Instructor VALUES (70,'楊菁菁','電機工程學系');
INSERT INTO Instructor VALUES (71,'黃定彝','電機工程學系');
INSERT INTO Instructor VALUES (72,'徐士賢','電機工程學系');
INSERT INTO Instructor VALUES (73,'游易霖','電機工程學系');
INSERT INTO Instructor VALUES (74,'王丁勇','電機工程學系');
INSERT INTO Instructor VALUES (75,'黃俊瑋','電機工程學系');
INSERT INTO Instructor VALUES (76,'洪聖均','電機工程學系');
INSERT INTO Instructor VALUES (77,'林俊佑','電機工程學系');
INSERT INTO Instructor VALUES (78,'劉紹宗','電機工程學系');
INSERT INTO Instructor VALUES (79,'韓端勇','電機工程學系');
INSERT INTO Instructor VALUES (80,'謝嵩淮','電機工程學系');
INSERT INTO Instructor VALUES (81,'洪天富','電機工程學系');
INSERT INTO Instructor VALUES (82,'劉鎧螎','電機工程學系');
INSERT INTO Instructor VALUES (83,'吳重雨','電子工程學系');
INSERT INTO Instructor VALUES (84,'陳家富','電子工程學系');
INSERT INTO Instructor VALUES (85,'劉俊傑','電子工程學系');
INSERT INTO Instructor VALUES (86,'楊光磊','電子工程學系');
INSERT INTO Instructor VALUES (87,'楊宇浩','電子工程學系');
INSERT INTO Instructor VALUES (88,'葉福海','電子工程學系');
INSERT INTO Instructor VALUES (89,'楊文祿','電子工程學系');
INSERT INTO Instructor VALUES (90,'施仁斌','電子工程學系');
INSERT INTO Instructor VALUES (91,'李景松','電子工程學系');
INSERT INTO Instructor VALUES (92,'鄭經華','電子工程學系');
INSERT INTO Instructor VALUES (93,'劉堂傑','電子工程學系');
INSERT INTO Instructor VALUES (94,'簡鳳佐','電子工程學系');
INSERT INTO Instructor VALUES (95,'林宗志','電子工程學系');
INSERT INTO Instructor VALUES (96,'康宗貴','電子工程學系');
INSERT INTO Instructor VALUES (97,'林成利','電子工程學系');
INSERT INTO Instructor VALUES (98,'林碩泰','電子工程學系');
INSERT INTO Instructor VALUES (99,'羅仕守','電子工程學系');
INSERT INTO Instructor VALUES (100,'楊炳章','電子工程學系');
INSERT INTO Instructor VALUES (101,'陳冠宏','電子工程學系');
INSERT INTO Instructor VALUES (102,'許恒壽','電子工程學系');
INSERT INTO Instructor VALUES (103,'梁詩婷','電子工程學系');
INSERT INTO Instructor VALUES (104,'洪振傑','電子工程學系');
INSERT INTO Instructor VALUES (105,'王通温','電子工程學系');
INSERT INTO Instructor VALUES (106,'莊嶸騰','電子工程學系');
INSERT INTO Instructor VALUES (107,'魏傳昇','電子工程學系');
INSERT INTO Instructor VALUES (108,'蕭敏學','電子工程學系');
INSERT INTO Instructor VALUES (109,'王馭熊','電子工程學系');
INSERT INTO Instructor VALUES (110,'吳鴻璋','電子工程學系');
INSERT INTO Instructor VALUES (111,'李國暥','電子工程學系');
INSERT INTO Instructor VALUES (112,'諶志吉','電子工程學系');
INSERT INTO Instructor VALUES (113,'邱俊榮','電子工程學系');
INSERT INTO Instructor VALUES (114,'陳俊雄','電子工程學系');
INSERT INTO Instructor VALUES (115,'陳松全','電子工程學系');
INSERT INTO Instructor VALUES (116,'黃清輝','電子工程學系');
INSERT INTO Instructor VALUES (117,'廖崇硯','電子工程學系');
INSERT INTO Instructor VALUES (118,'吳承炎','電子工程學系');
INSERT INTO Instructor VALUES (119,'毛慶宜','電子工程學系');
INSERT INTO Instructor VALUES (120,'邱晴菲','電子工程學系');
INSERT INTO Instructor VALUES (121,'邱創乾','自動控制工程學系');
INSERT INTO Instructor VALUES (122,'李祖聖','自動控制工程學系');
INSERT INTO Instructor VALUES (123,'張金堅','自動控制工程學系');
INSERT INTO Instructor VALUES (124,'謝哲光','自動控制工程學系');
INSERT INTO Instructor VALUES (125,'林宸生','自動控制工程學系');
INSERT INTO Instructor VALUES (126,'林賢龍','自動控制工程學系');
INSERT INTO Instructor VALUES (127,'張興政','自動控制工程學系');
INSERT INTO Instructor VALUES (128,'鄒慶福','自動控制工程學系');
INSERT INTO Instructor VALUES (129,'劉益瑞','自動控制工程學系');
INSERT INTO Instructor VALUES (130,'洪三山','自動控制工程學系');
INSERT INTO Instructor VALUES (131,'林育德','自動控制工程學系');
INSERT INTO Instructor VALUES (132,'沈祖望','自動控制工程學系');
INSERT INTO Instructor VALUES (133,'林昱成','自動控制工程學系');
INSERT INTO Instructor VALUES (134,'陳孝武','自動控制工程學系');
INSERT INTO Instructor VALUES (135,'黃建立','自動控制工程學系');
INSERT INTO Instructor VALUES (136,'林南州','自動控制工程學系');
INSERT INTO Instructor VALUES (137,'陳鏡崑','自動控制工程學系');
INSERT INTO Instructor VALUES (138,'廖本義','自動控制工程學系');
INSERT INTO Instructor VALUES (139,'陳志成','自動控制工程學系');
INSERT INTO Instructor VALUES (140,'謝男凱','自動控制工程學系');
INSERT INTO Instructor VALUES (141,'林上智','自動控制工程學系');
INSERT INTO Instructor VALUES (142,'翟本喬','通訊工程學系');
INSERT INTO Instructor VALUES (143,'周碩彥','通訊工程學系');
INSERT INTO Instructor VALUES (144,'江俊明','通訊工程學系');
INSERT INTO Instructor VALUES (145,'廖和恩','通訊工程學系');
INSERT INTO Instructor VALUES (146,'林立謙','通訊工程學系');
INSERT INTO Instructor VALUES (147,'林漢年','通訊工程學系');
INSERT INTO Instructor VALUES (148,'彭嘉美','通訊工程學系');
INSERT INTO Instructor VALUES (149,'陸清達','通訊工程學系');
INSERT INTO Instructor VALUES (150,'楊豐瑞','通訊工程學系');
INSERT INTO Instructor VALUES (151,'辛正和','通訊工程學系');
INSERT INTO Instructor VALUES (152,'尤正祺','通訊工程學系');
INSERT INTO Instructor VALUES (153,'趙啟時','通訊工程學系');
INSERT INTO Instructor VALUES (154,'袁世一','通訊工程學系');
INSERT INTO Instructor VALUES (155,'陳益生','通訊工程學系');
INSERT INTO Instructor VALUES (156,'林維崙','通訊工程學系');
INSERT INTO Instructor VALUES (157,'陳家豪','通訊工程學系');
INSERT INTO Instructor VALUES (158,'鄒耀東','通訊工程學系');
INSERT INTO Instructor VALUES (159,'張其棟','通訊工程學系');
INSERT INTO Instructor VALUES (160,'朱嘯秋','通訊工程學系');
INSERT INTO Instructor VALUES (161,'陳立勝','通訊工程學系');
INSERT INTO Instructor VALUES (162,'蔡昂勳','通訊工程學系');
INSERT INTO Instructor VALUES (163,'高誌鴻','通訊工程學系');
INSERT INTO Instructor VALUES (164,'郭廸賢','全校國際生大一不分系學士班');
INSERT INTO Instructor VALUES (165,'林俊德','全校國際生大一不分系學士班');
INSERT INTO Instructor VALUES (166,'朱正永','全校國際生大一不分系學士班');
INSERT INTO Instructor VALUES (167,'周惠那','全校國際生大一不分系學士班');
INSERT INTO Instructor VALUES (168,'王志宇','全校國際生大一不分系學士班');
INSERT INTO Instructor VALUES (169,'林葳','全校國際生大一不分系學士班');
INSERT INTO Instructor VALUES (170,'王惠鈴','全校國際生大一不分系學士班');
INSERT INTO Instructor VALUES (171,'黃琝琇','全校國際生大一不分系學士班');
INSERT INTO Instructor VALUES (172,'陳淑慧','全校國際生大一不分系學士班');
INSERT INTO Instructor VALUES (173,'陳信宏','全校國際生大一不分系學士班');
INSERT INTO Instructor VALUES (174,'戴國政','全校國際生大一不分系學士班');
INSERT INTO Instructor VALUES (175,'吳如娟','全校國際生大一不分系學士班');
INSERT INTO Instructor VALUES (176,'黃嘉君','全校國際生大一不分系學士班');
INSERT INTO Instructor VALUES (177,'鄭安倫','全校國際生大一不分系學士班');
INSERT INTO Instructor VALUES (178,'林明仕','全校國際生大一不分系學士班');
INSERT INTO Instructor VALUES (179,'唐永立','全校國際生大一不分系學士班');
INSERT INTO Instructor VALUES (180,'周澤捷','全校國際生大一不分系學士班');
INSERT INTO Instructor VALUES (181,'曾欽正','全校國際生大一不分系學士班');
INSERT INTO Instructor VALUES (182,'林碧慧','全校國際生大一不分系學士班');
INSERT INTO Instructor VALUES (183,'李建緯','歷史與文物研究所');
INSERT INTO Instructor VALUES (184,'張志相','歷史與文物研究所');
INSERT INTO Instructor VALUES (185,'潘定中','光電科學與工程學系');
INSERT INTO Instructor VALUES (186,'Yoshio Hayasaki','光電科學與工程學系');
INSERT INTO Instructor VALUES (187,'黃光彩','光電科學與工程學系');
INSERT INTO Instructor VALUES (188,'劉榮平','光電科學與工程學系');
INSERT INTO Instructor VALUES (189,'賴俊峰','光電科學與工程學系');
INSERT INTO Instructor VALUES (190,'葉建宏','光電科學與工程學系');
INSERT INTO Instructor VALUES (191,'李英德','光電科學與工程學系');
INSERT INTO Instructor VALUES (192,'林泰生','光電科學與工程學系');
INSERT INTO Instructor VALUES (193,'周哲仲','光電科學與工程學系');
INSERT INTO Instructor VALUES (194,'盧聖華','光電科學與工程學系');
INSERT INTO Instructor VALUES (195,'陳敬恒','光電科學與工程學系');
INSERT INTO Instructor VALUES (196,'馬仕信','光電科學與工程學系');
INSERT INTO Instructor VALUES (197,'唐謙仁','光電科學與工程學系');
INSERT INTO Instructor VALUES (198,'蔡雅芝','光電科學與工程學系');
INSERT INTO Instructor VALUES (199,'林昱志','光電科學與工程學系');
INSERT INTO Instructor VALUES (200,'楊嘉會','光電科學與工程學系');
INSERT INTO Instructor VALUES (201,'林菲','光電科學與工程學系');
INSERT INTO Instructor VALUES (202,'羅道正','光電科學與工程學系');
INSERT INTO Instructor VALUES (203,'歐陽嶽','光電科學與工程學系');
INSERT INTO Instructor VALUES (204,'胡水上','光電科學與工程學系');
INSERT INTO Instructor VALUES (205,'張文澤','光電科學與工程學系');
INSERT INTO Instructor VALUES (206,'楊國輝','光電科學與工程學系');
INSERT INTO Instructor VALUES (207,'方淳民','光電科學與工程學系');
INSERT INTO Instructor VALUES (208,'蔣平志','光電科學與工程學系');
INSERT INTO Instructor VALUES (209,'蔡君偉','光電科學與工程學系');
INSERT INTO Instructor VALUES (210,'林文凱','光電科學與工程學系');
INSERT INTO Instructor VALUES (211,'郭瀚文','光電科學與工程學系');
INSERT INTO Instructor VALUES (212,'林子淵','光電科學與工程學系');
-- INSERT INTO Instructor VALUES (179,'吳三源','通識教育中心');

/*-----------------------------INSERT INTO Section-----------------------------------*/
INSERT INTO Section VALUES (1239,'班級活動','資訊二甲',6,6,1,33);
INSERT INTO Section VALUES (1240,'系統程式','資訊二甲',9,6,2,14);
INSERT INTO Section VALUES (1241,'資料庫系統','資訊二甲',9,6,3,35);
INSERT INTO Section VALUES (1242,'機率與統計','資訊二甲',8,6,4,15);
INSERT INTO Section VALUES (1247,'班級活動','資訊二乙',7,7,1,13);
INSERT INTO Section VALUES (1248,'系統程式','資訊二乙',9,7,2,35);
INSERT INTO Section VALUES (1249,'資料庫系統','資訊二乙',8,7,3,29);
INSERT INTO Section VALUES (1250,'機率與統計','資訊二乙',10,7,4,32);
INSERT INTO Section VALUES (1251,'班級活動','資訊二丙',5,5,1,34);
INSERT INTO Section VALUES (1252,'系統程式','資訊二丙',7,5,2,14);
INSERT INTO Section VALUES (1253,'資料庫系統','資訊二丙',9,5,3,35);
INSERT INTO Section VALUES (1254,'機率與統計','資訊二丙',8,5,4,28);
INSERT INTO Section VALUES (1259,'班級活動','資訊二丁',5,5,1,11);
INSERT INTO Section VALUES (1260,'系統程式','資訊二丁',10,5,2,31);
INSERT INTO Section VALUES (1261,'資料庫系統','資訊二丁',7,5,3,25);
INSERT INTO Section VALUES (1262,'機率與統計','資訊二丁',9,5,4,32);
INSERT INTO Section VALUES (1263,'互連網路','資訊二合',16,13,5,31);
INSERT INTO Section VALUES (1264,'多媒體系統','資訊二合',23,18,6,29);
INSERT INTO Section VALUES (1265,'組合數學','資訊二合',21,15,7,28);
INSERT INTO Section VALUES (1267,'數位系統設計','資訊二合',18,16,8,21);
INSERT INTO Section VALUES (1268,'數位系統設計實驗','資訊二合',18,16,9,21);
INSERT INTO Section VALUES (1269,'UNIX應用與實務','資訊二合',20,8,10,7);
INSERT INTO Section VALUES (1408,'班級活動','電子二甲',4,4,14,104);
INSERT INTO Section VALUES (1409,'工程數學(二)','電子二甲',8,4,15,96);
INSERT INTO Section VALUES (1410,'信號與系統','電子二甲',6,4,16,106);
INSERT INTO Section VALUES (1411,'電子學(二)','電子二甲',7,4,17,102);
INSERT INTO Section VALUES (1412,'電子學實驗(二)','電子二甲',7,4,18,104);
INSERT INTO Section VALUES (1413,'電路學(二)','電子二甲',6,4,19,91);
INSERT INTO Section VALUES (1414,'電磁學(一)','電子二甲',6,4,20,204);
INSERT INTO Section VALUES (1415,'微處理機系統','電子二甲',8,4,21,110);
INSERT INTO Section VALUES (1416,'微處理機系統實習','電子二甲',8,4,22,101);
INSERT INTO Section VALUES (1417,'班級活動','電子二乙',4,4,14,102);
INSERT INTO Section VALUES (1418,'工程數學(二)','電子二乙',6,4,15,96);
INSERT INTO Section VALUES (1419,'信號與系統','電子二乙',5,4,16,106);
INSERT INTO Section VALUES (1420,'電子學(二)','電子二乙',9,4,17,102);
INSERT INTO Section VALUES (1421,'電子學實驗(二)','電子二乙',9,4,18,105);
INSERT INTO Section VALUES (1422,'電路學(二)','電子二乙',6,4,19,104);
INSERT INTO Section VALUES (1423,'電磁學(一)','電子二乙',7,4,20,99);
INSERT INTO Section VALUES (1424,'微處理機系統','電子二乙',8,4,21,101);
INSERT INTO Section VALUES (1425,'微處理機系統實習','電子二乙',8,4,22,101);
INSERT INTO Section VALUES (1426,'班級活動','電子二丙',6,6,14,97);
INSERT INTO Section VALUES (1427,'工程數學(二)','電子二丙',9,6,15,96);
INSERT INTO Section VALUES (1428,'信號與系統','電子二丙',7,6,16,106);
INSERT INTO Section VALUES (1429,'電子學(二)','電子二丙',8,6,17,100);
INSERT INTO Section VALUES (1430,'電子學實驗(二)','電子二丙',8,6,18,104);
INSERT INTO Section VALUES (1431,'電路學(二)','電子二丙',8,6,19,91);
INSERT INTO Section VALUES (1432,'電磁學(一)','電子二丙',8,6,20,93);
INSERT INTO Section VALUES (1433,'微處理機系統','電子二丙',8,6,21,137);
INSERT INTO Section VALUES (1434,'微處理機系統實習','電子二丙',8,6,22,93);
INSERT INTO Section VALUES (1435,'電子材料','電子二合',12,8,23,97);
INSERT INTO Section VALUES (1436,'積體電路導論','電子二合',15,9,24,100);
INSERT INTO Section VALUES (1526,'班級活動','電機二甲',6,6,26,73);
INSERT INTO Section VALUES (1527,'工程數學(二)','電機二甲',8,6,27,73);
INSERT INTO Section VALUES (1528,'信號與系統','電機二甲',9,6,28,71);
INSERT INTO Section VALUES (1529,'電子學(二)','電機二甲',9,6,29,56);
INSERT INTO Section VALUES (1530,'電子學實驗(二)','電機二甲',9,6,30,56);
INSERT INTO Section VALUES (1531,'電路學(二)','電機二甲',7,6,31,59);
INSERT INTO Section VALUES (1532,'電磁學(二)','電機二甲',7,6,32,69);
INSERT INTO Section VALUES (1533,'微處理機系統','電機二甲',8,6,33,72);
INSERT INTO Section VALUES (1534,'微處理機系統實習','電機二甲',8,6,34,74);
INSERT INTO Section VALUES (1535,'班級活動','電機二乙',5,5,26,64);
INSERT INTO Section VALUES (1536,'工程數學(二)','電機二乙',6,5,27,57);
INSERT INTO Section VALUES (1537,'信號與系統','電機二乙',8,5,28,68);
INSERT INTO Section VALUES (1538,'電子學(二)','電機二乙',8,5,29,74);
INSERT INTO Section VALUES (1539,'電子學實驗(二)','電機二乙',7,5,30,64);
INSERT INTO Section VALUES (1540,'電路學(二)','電機二乙',7,5,31,58);
INSERT INTO Section VALUES (1541,'電磁學(二)','電機二乙',7,5,32,76);
INSERT INTO Section VALUES (1542,'微處理機系統','電機二乙',7,5,33,72);
INSERT INTO Section VALUES (1543,'微處理機系統實習','電機二乙',7,5,34,72);
INSERT INTO Section VALUES (1544,'機率論','電機二合',12,6,35,68);
INSERT INTO Section VALUES (1589,'班級活動','自控二甲',5,5,37,133);
INSERT INTO Section VALUES (1590,'工程數學(二)','自控二甲',6,5,38,135);
INSERT INTO Section VALUES (1591,'信號與系統','自控二甲',8,5,39,121);
INSERT INTO Section VALUES (1592,'感測與量度工程','自控二甲',8,5,40,127);
INSERT INTO Section VALUES (1593,'電子學(二)','自控二甲',9,5,41,127);
INSERT INTO Section VALUES (1594,'電子學實驗(二)','自控二甲',7,5,42,130);
INSERT INTO Section VALUES (1595,'電路學(二)','自控二甲',8,5,43,133);
INSERT INTO Section VALUES (1596,'班級活動','自控二乙',5,5,37,137);
INSERT INTO Section VALUES (1597,'工程數學(二)','自控二乙',6,5,38,135);
INSERT INTO Section VALUES (1598,'信號與系統','自控二乙',8,5,39,141);
INSERT INTO Section VALUES (1599,'感測與量度工程','自控二乙',7,5,40,127);
INSERT INTO Section VALUES (1600,'電子學(二)','自控二乙',8,5,41,130);
INSERT INTO Section VALUES (1601,'電子學實驗(二)','自控二乙',7,5,42,130);
INSERT INTO Section VALUES (1602,'電路學(二)','自控二乙',8,5,43,137);
INSERT INTO Section VALUES (1603,'工程圖學(含實習)','自控二合',7,5,44,138);
INSERT INTO Section VALUES (1604,'可程式控制(含實驗)','自控二合',10,7,45,140);
INSERT INTO Section VALUES (1605,'光機電工程(二)','自控二合',11,6,46,125);
INSERT INTO Section VALUES (1606,'材料力學','自控二合',6,5,47,135);
INSERT INTO Section VALUES (1607,'動力學','自控二合',8,4,48,128);
INSERT INTO Section VALUES (1930,'班級活動','通訊二甲',6,6,49,155);
INSERT INTO Section VALUES (1931,'工程數學(二)','通訊二甲',7,6,50,146);
INSERT INTO Section VALUES (1932,'信號與系統','通訊二甲',8,6,51,151);
INSERT INTO Section VALUES (1933,'電子學(二)','通訊二甲',7,6,52,162);
INSERT INTO Section VALUES (1934,'電子學實驗(二)','通訊二甲',7,6,53,152);
INSERT INTO Section VALUES (1935,'電路學(二)','通訊二甲',9,6,54,155);
INSERT INTO Section VALUES (1936,'電磁學(一)','通訊二甲',7,6,55,147);
INSERT INTO Section VALUES (1937,'JAVA程式語言','通訊二合',12,6,56,183);
INSERT INTO Section VALUES (1938,'物聯網應用實務','通訊二合',11,8,57,163);
INSERT INTO Section VALUES (1939,'班級活動','通訊二乙',4,4,49,150);
INSERT INTO Section VALUES (1940,'工程數學(二)	','通訊二乙',6,4,50,149);
INSERT INTO Section VALUES (1941,'信號與系統','通訊二乙',8,4,51,151);
INSERT INTO Section VALUES (1942,'電子學(二)','通訊二乙',7,4,52,152);
INSERT INTO Section VALUES (1943,'電子學實驗(二)','通訊二乙',6,4,53,152);
INSERT INTO Section VALUES (1944,'電路學(二)','通訊二乙',7,4,54,151);
INSERT INTO Section VALUES (1945,'電磁學(一)','通訊二乙',7,4,55,148);
INSERT INTO Section VALUES (3530,'系統程式','電機二合',7,3,36,79);
INSERT INTO Section VALUES (3542,'Web程式設計','資訊二合',8,5,11,30);
INSERT INTO Section VALUES (3543,'Web程式設計','資訊二合',10,7,11,36);
INSERT INTO Section VALUES (3544,'系統分析與設計','資訊二合',7,5,12,16);
INSERT INTO Section VALUES (3545,'系統分析與設計','資訊二合',7,4,12,16);
INSERT INTO Section VALUES (3546,'UNIX應用與實務','資訊二合',6,5,10,7);
INSERT INTO Section VALUES (3547,'UNIX應用與實務','資訊二合',6,3,10,30);
INSERT INTO Section VALUES (3551,'電子商務安全','資訊二合',6,2,13,38);
INSERT INTO Section VALUES (3552,'電子商務安全','資訊二合',6,3,13,180);
INSERT INTO Section VALUES (3570,'進階C#程式設計','電子二合',7,3,25,117);

/*-----------------------------INSERT INTO SelectDetail------------------------------*/
INSERT INTO SelectDetail VALUES ('D1059754',1259);
INSERT INTO SelectDetail VALUES ('D1059754',1260);
INSERT INTO SelectDetail VALUES ('D1059754',1261);
INSERT INTO SelectDetail VALUES ('D1059754',1262);
INSERT INTO SelectDetail VALUES ('D1059754',1264);
INSERT INTO SelectDetail VALUES ('D1059754',1267);
INSERT INTO SelectDetail VALUES ('D1059754',1268);
INSERT INTO SelectDetail VALUES ('D1059754',3543);
INSERT INTO SelectDetail VALUES ('D1059754',3545);
INSERT INTO SelectDetail VALUES ('D1059754',3547);
INSERT INTO SelectDetail VALUES ('D1059887',1259);
INSERT INTO SelectDetail VALUES ('D1059887',1260);
INSERT INTO SelectDetail VALUES ('D1059887',1261);
INSERT INTO SelectDetail VALUES ('D1059887',1262);
INSERT INTO SelectDetail VALUES ('D1059887',1264);
INSERT INTO SelectDetail VALUES ('D1059887',1265);
INSERT INTO SelectDetail VALUES ('D1059887',1267);
INSERT INTO SelectDetail VALUES ('D1059887',1268);
INSERT INTO SelectDetail VALUES ('D1059887',3543);
INSERT INTO SelectDetail VALUES ('D1060064',1259);
INSERT INTO SelectDetail VALUES ('D1060064',1260);
INSERT INTO SelectDetail VALUES ('D1060064',1261);
INSERT INTO SelectDetail VALUES ('D1060064',1262);
INSERT INTO SelectDetail VALUES ('D1060064',1265);
INSERT INTO SelectDetail VALUES ('D1060064',1267);
INSERT INTO SelectDetail VALUES ('D1060064',1268);
INSERT INTO SelectDetail VALUES ('D1060064',3543);
INSERT INTO SelectDetail VALUES ('D1060064',3551);
INSERT INTO SelectDetail VALUES ('D1060106',1259);
INSERT INTO SelectDetail VALUES ('D1060106',1260);
INSERT INTO SelectDetail VALUES ('D1060106',1261);
INSERT INTO SelectDetail VALUES ('D1060106',1262);
INSERT INTO SelectDetail VALUES ('D1060106',1264);
INSERT INTO SelectDetail VALUES ('D1060106',1265);
INSERT INTO SelectDetail VALUES ('D1060106',1267);
INSERT INTO SelectDetail VALUES ('D1060106',1268);
INSERT INTO SelectDetail VALUES ('D1060106',3543);
INSERT INTO SelectDetail VALUES ('D1060106',3547);
INSERT INTO SelectDetail VALUES ('D1060106',3552);
INSERT INTO SelectDetail VALUES ('D1070001',1239);
INSERT INTO SelectDetail VALUES ('D1070001',1240);
INSERT INTO SelectDetail VALUES ('D1070001',1241);
INSERT INTO SelectDetail VALUES ('D1070001',1242);
INSERT INTO SelectDetail VALUES ('D1070001',1263);
INSERT INTO SelectDetail VALUES ('D1070001',1264);
INSERT INTO SelectDetail VALUES ('D1070001',1267);
INSERT INTO SelectDetail VALUES ('D1070001',1268);
INSERT INTO SelectDetail VALUES ('D1070001',3546);
INSERT INTO SelectDetail VALUES ('D1070002',1239);
INSERT INTO SelectDetail VALUES ('D1070002',1240);
INSERT INTO SelectDetail VALUES ('D1070002',1241);
INSERT INTO SelectDetail VALUES ('D1070002',1242);
INSERT INTO SelectDetail VALUES ('D1070002',1264);
INSERT INTO SelectDetail VALUES ('D1070002',1265);
INSERT INTO SelectDetail VALUES ('D1070002',1269);
INSERT INTO SelectDetail VALUES ('D1070002',3544);
INSERT INTO SelectDetail VALUES ('D1070002',3551);
INSERT INTO SelectDetail VALUES ('D1070003',1239);
INSERT INTO SelectDetail VALUES ('D1070003',1240);
INSERT INTO SelectDetail VALUES ('D1070003',1241);
INSERT INTO SelectDetail VALUES ('D1070003',1242);
INSERT INTO SelectDetail VALUES ('D1070003',1263);
INSERT INTO SelectDetail VALUES ('D1070003',1264);
INSERT INTO SelectDetail VALUES ('D1070003',1265);
INSERT INTO SelectDetail VALUES ('D1070003',1267);
INSERT INTO SelectDetail VALUES ('D1070003',1268);
INSERT INTO SelectDetail VALUES ('D1070004',1239);
INSERT INTO SelectDetail VALUES ('D1070004',1240);
INSERT INTO SelectDetail VALUES ('D1070004',1241);
INSERT INTO SelectDetail VALUES ('D1070004',1242);
INSERT INTO SelectDetail VALUES ('D1070004',1263);
INSERT INTO SelectDetail VALUES ('D1070004',1265);
INSERT INTO SelectDetail VALUES ('D1070004',1269);
INSERT INTO SelectDetail VALUES ('D1070004',3542);
INSERT INTO SelectDetail VALUES ('D1070004',3552);
INSERT INTO SelectDetail VALUES ('D1070005',1239);
INSERT INTO SelectDetail VALUES ('D1070005',1240);
INSERT INTO SelectDetail VALUES ('D1070005',1241);
INSERT INTO SelectDetail VALUES ('D1070005',1242);
INSERT INTO SelectDetail VALUES ('D1070005',1263);
INSERT INTO SelectDetail VALUES ('D1070005',1264);
INSERT INTO SelectDetail VALUES ('D1070005',1265);
INSERT INTO SelectDetail VALUES ('D1070005',1267);
INSERT INTO SelectDetail VALUES ('D1070005',1268);
INSERT INTO SelectDetail VALUES ('D1070005',3544);
INSERT INTO SelectDetail VALUES ('D1070005',3546);
INSERT INTO SelectDetail VALUES ('D1070006',1239);
INSERT INTO SelectDetail VALUES ('D1070006',1240);
INSERT INTO SelectDetail VALUES ('D1070006',1241);
INSERT INTO SelectDetail VALUES ('D1070006',1242);
INSERT INTO SelectDetail VALUES ('D1070006',1264);
INSERT INTO SelectDetail VALUES ('D1070006',1267);
INSERT INTO SelectDetail VALUES ('D1070006',1268);
INSERT INTO SelectDetail VALUES ('D1070006',3542);
INSERT INTO SelectDetail VALUES ('D1070006',3544);
INSERT INTO SelectDetail VALUES ('D1070006',3546);
INSERT INTO SelectDetail VALUES ('D1070007',1247);
INSERT INTO SelectDetail VALUES ('D1070007',1248);
INSERT INTO SelectDetail VALUES ('D1070007',1249);
INSERT INTO SelectDetail VALUES ('D1070007',1250);
INSERT INTO SelectDetail VALUES ('D1070007',1263);
INSERT INTO SelectDetail VALUES ('D1070007',1264);
INSERT INTO SelectDetail VALUES ('D1070007',1265);
INSERT INTO SelectDetail VALUES ('D1070007',1269);
INSERT INTO SelectDetail VALUES ('D1070007',3552);
INSERT INTO SelectDetail VALUES ('D1070008',1247);
INSERT INTO SelectDetail VALUES ('D1070008',1248);
INSERT INTO SelectDetail VALUES ('D1070008',1249);
INSERT INTO SelectDetail VALUES ('D1070008',1250);
INSERT INTO SelectDetail VALUES ('D1070008',1263);
INSERT INTO SelectDetail VALUES ('D1070008',1264);
INSERT INTO SelectDetail VALUES ('D1070008',1267);
INSERT INTO SelectDetail VALUES ('D1070008',1268);
INSERT INTO SelectDetail VALUES ('D1070008',1269);
INSERT INTO SelectDetail VALUES ('D1070008',3542);
INSERT INTO SelectDetail VALUES ('D1070009',1247);
INSERT INTO SelectDetail VALUES ('D1070009',1248);
INSERT INTO SelectDetail VALUES ('D1070009',1249);
INSERT INTO SelectDetail VALUES ('D1070009',1250);
INSERT INTO SelectDetail VALUES ('D1070009',1264);
INSERT INTO SelectDetail VALUES ('D1070009',1269);
INSERT INTO SelectDetail VALUES ('D1070009',3542);
INSERT INTO SelectDetail VALUES ('D1070009',3544);
INSERT INTO SelectDetail VALUES ('D1070010',1247);
INSERT INTO SelectDetail VALUES ('D1070010',1248);
INSERT INTO SelectDetail VALUES ('D1070010',1249);
INSERT INTO SelectDetail VALUES ('D1070010',1250);
INSERT INTO SelectDetail VALUES ('D1070010',1263);
INSERT INTO SelectDetail VALUES ('D1070010',1264);
INSERT INTO SelectDetail VALUES ('D1070010',1267);
INSERT INTO SelectDetail VALUES ('D1070010',1268);
INSERT INTO SelectDetail VALUES ('D1070010',3546);
INSERT INTO SelectDetail VALUES ('D1070011',1247);
INSERT INTO SelectDetail VALUES ('D1070011',1248);
INSERT INTO SelectDetail VALUES ('D1070011',1249);
INSERT INTO SelectDetail VALUES ('D1070011',1250);
INSERT INTO SelectDetail VALUES ('D1070011',1263);
INSERT INTO SelectDetail VALUES ('D1070011',1264);
INSERT INTO SelectDetail VALUES ('D1070011',3542);
INSERT INTO SelectDetail VALUES ('D1070011',3544);
INSERT INTO SelectDetail VALUES ('D1070012',1247);
INSERT INTO SelectDetail VALUES ('D1070012',1248);
INSERT INTO SelectDetail VALUES ('D1070012',1249);
INSERT INTO SelectDetail VALUES ('D1070012',1250);
INSERT INTO SelectDetail VALUES ('D1070012',1264);
INSERT INTO SelectDetail VALUES ('D1070012',1265);
INSERT INTO SelectDetail VALUES ('D1070012',1267);
INSERT INTO SelectDetail VALUES ('D1070012',1268);
INSERT INTO SelectDetail VALUES ('D1070012',3546);
INSERT INTO SelectDetail VALUES ('D1070013',1247);
INSERT INTO SelectDetail VALUES ('D1070013',1248);
INSERT INTO SelectDetail VALUES ('D1070013',1249);
INSERT INTO SelectDetail VALUES ('D1070013',1250);
INSERT INTO SelectDetail VALUES ('D1070013',1263);
INSERT INTO SelectDetail VALUES ('D1070013',1265);
INSERT INTO SelectDetail VALUES ('D1070013',1267);
INSERT INTO SelectDetail VALUES ('D1070013',1268);
INSERT INTO SelectDetail VALUES ('D1070013',3547);
INSERT INTO SelectDetail VALUES ('D1070014',1251);
INSERT INTO SelectDetail VALUES ('D1070014',1252);
INSERT INTO SelectDetail VALUES ('D1070014',1253);
INSERT INTO SelectDetail VALUES ('D1070014',1254);
INSERT INTO SelectDetail VALUES ('D1070014',1264);
INSERT INTO SelectDetail VALUES ('D1070014',1265);
INSERT INTO SelectDetail VALUES ('D1070014',1269);
INSERT INTO SelectDetail VALUES ('D1070014',3545);
INSERT INTO SelectDetail VALUES ('D1070015',1251);
INSERT INTO SelectDetail VALUES ('D1070015',1252);
INSERT INTO SelectDetail VALUES ('D1070015',1253);
INSERT INTO SelectDetail VALUES ('D1070015',1254);
INSERT INTO SelectDetail VALUES ('D1070015',1263);
INSERT INTO SelectDetail VALUES ('D1070015',1264);
INSERT INTO SelectDetail VALUES ('D1070015',1265);
INSERT INTO SelectDetail VALUES ('D1070015',1267);
INSERT INTO SelectDetail VALUES ('D1070015',1268);
INSERT INTO SelectDetail VALUES ('D1070015',3543);
INSERT INTO SelectDetail VALUES ('D1070016',1251);
INSERT INTO SelectDetail VALUES ('D1070016',1252);
INSERT INTO SelectDetail VALUES ('D1070016',1253);
INSERT INTO SelectDetail VALUES ('D1070016',1254);
INSERT INTO SelectDetail VALUES ('D1070016',1264);
INSERT INTO SelectDetail VALUES ('D1070016',1265);
INSERT INTO SelectDetail VALUES ('D1070016',1267);
INSERT INTO SelectDetail VALUES ('D1070016',1268);
INSERT INTO SelectDetail VALUES ('D1070016',3543);
INSERT INTO SelectDetail VALUES ('D1070017',1251);
INSERT INTO SelectDetail VALUES ('D1070017',1252);
INSERT INTO SelectDetail VALUES ('D1070017',1253);
INSERT INTO SelectDetail VALUES ('D1070017',1254);
INSERT INTO SelectDetail VALUES ('D1070017',1263);
INSERT INTO SelectDetail VALUES ('D1070017',1264);
INSERT INTO SelectDetail VALUES ('D1070017',1267);
INSERT INTO SelectDetail VALUES ('D1070017',1268);
INSERT INTO SelectDetail VALUES ('D1070017',1269);
INSERT INTO SelectDetail VALUES ('D1070017',3545);
INSERT INTO SelectDetail VALUES ('D1070018',1251);
INSERT INTO SelectDetail VALUES ('D1070018',1252);
INSERT INTO SelectDetail VALUES ('D1070018',1253);
INSERT INTO SelectDetail VALUES ('D1070018',1254);
INSERT INTO SelectDetail VALUES ('D1070018',1263);
INSERT INTO SelectDetail VALUES ('D1070018',1265);
INSERT INTO SelectDetail VALUES ('D1070018',1267);
INSERT INTO SelectDetail VALUES ('D1070018',1268);
INSERT INTO SelectDetail VALUES ('D1070018',1269);
INSERT INTO SelectDetail VALUES ('D1070018',3543);
INSERT INTO SelectDetail VALUES ('D1070019',1526);
INSERT INTO SelectDetail VALUES ('D1070019',1527);
INSERT INTO SelectDetail VALUES ('D1070019',1528);
INSERT INTO SelectDetail VALUES ('D1070019',1529);
INSERT INTO SelectDetail VALUES ('D1070019',1530);
INSERT INTO SelectDetail VALUES ('D1070019',1531);
INSERT INTO SelectDetail VALUES ('D1070019',1532);
INSERT INTO SelectDetail VALUES ('D1070019',1533);
INSERT INTO SelectDetail VALUES ('D1070019',1534);
INSERT INTO SelectDetail VALUES ('D1070019',1544);
INSERT INTO SelectDetail VALUES ('D1070020',1526);
INSERT INTO SelectDetail VALUES ('D1070020',1527);
INSERT INTO SelectDetail VALUES ('D1070020',1528);
INSERT INTO SelectDetail VALUES ('D1070020',1529);
INSERT INTO SelectDetail VALUES ('D1070020',1530);
INSERT INTO SelectDetail VALUES ('D1070020',1531);
INSERT INTO SelectDetail VALUES ('D1070020',1532);
INSERT INTO SelectDetail VALUES ('D1070020',1533);
INSERT INTO SelectDetail VALUES ('D1070020',1534);
INSERT INTO SelectDetail VALUES ('D1070020',1544);
INSERT INTO SelectDetail VALUES ('D1070021',1526);
INSERT INTO SelectDetail VALUES ('D1070021',1527);
INSERT INTO SelectDetail VALUES ('D1070021',1528);
INSERT INTO SelectDetail VALUES ('D1070021',1529);
INSERT INTO SelectDetail VALUES ('D1070021',1530);
INSERT INTO SelectDetail VALUES ('D1070021',1531);
INSERT INTO SelectDetail VALUES ('D1070021',1532);
INSERT INTO SelectDetail VALUES ('D1070021',1533);
INSERT INTO SelectDetail VALUES ('D1070021',1534);
INSERT INTO SelectDetail VALUES ('D1070022',1526);
INSERT INTO SelectDetail VALUES ('D1070022',1527);
INSERT INTO SelectDetail VALUES ('D1070022',1528);
INSERT INTO SelectDetail VALUES ('D1070022',1529);
INSERT INTO SelectDetail VALUES ('D1070022',1530);
INSERT INTO SelectDetail VALUES ('D1070022',1531);
INSERT INTO SelectDetail VALUES ('D1070022',1532);
INSERT INTO SelectDetail VALUES ('D1070022',1533);
INSERT INTO SelectDetail VALUES ('D1070022',1534);
INSERT INTO SelectDetail VALUES ('D1070022',1544);
INSERT INTO SelectDetail VALUES ('D1070022',3530);
INSERT INTO SelectDetail VALUES ('D1070023',1526);
INSERT INTO SelectDetail VALUES ('D1070023',1527);
INSERT INTO SelectDetail VALUES ('D1070023',1528);
INSERT INTO SelectDetail VALUES ('D1070023',1529);
INSERT INTO SelectDetail VALUES ('D1070023',1530);
INSERT INTO SelectDetail VALUES ('D1070023',1531);
INSERT INTO SelectDetail VALUES ('D1070023',1532);
INSERT INTO SelectDetail VALUES ('D1070023',1533);
INSERT INTO SelectDetail VALUES ('D1070023',1534);
INSERT INTO SelectDetail VALUES ('D1070024',1526);
INSERT INTO SelectDetail VALUES ('D1070024',1527);
INSERT INTO SelectDetail VALUES ('D1070024',1528);
INSERT INTO SelectDetail VALUES ('D1070024',1529);
INSERT INTO SelectDetail VALUES ('D1070024',1530);
INSERT INTO SelectDetail VALUES ('D1070024',1531);
INSERT INTO SelectDetail VALUES ('D1070024',1532);
INSERT INTO SelectDetail VALUES ('D1070024',1533);
INSERT INTO SelectDetail VALUES ('D1070024',1534);
INSERT INTO SelectDetail VALUES ('D1070024',3530);
INSERT INTO SelectDetail VALUES ('D1070025',1535);
INSERT INTO SelectDetail VALUES ('D1070025',1536);
INSERT INTO SelectDetail VALUES ('D1070025',1537);
INSERT INTO SelectDetail VALUES ('D1070025',1538);
INSERT INTO SelectDetail VALUES ('D1070025',1539);
INSERT INTO SelectDetail VALUES ('D1070025',1540);
INSERT INTO SelectDetail VALUES ('D1070025',1541);
INSERT INTO SelectDetail VALUES ('D1070025',1542);
INSERT INTO SelectDetail VALUES ('D1070025',1543);
INSERT INTO SelectDetail VALUES ('D1070025',1544);
INSERT INTO SelectDetail VALUES ('D1070026',1535);
INSERT INTO SelectDetail VALUES ('D1070026',1536);
INSERT INTO SelectDetail VALUES ('D1070026',1537);
INSERT INTO SelectDetail VALUES ('D1070026',1538);
INSERT INTO SelectDetail VALUES ('D1070026',1539);
INSERT INTO SelectDetail VALUES ('D1070026',1540);
INSERT INTO SelectDetail VALUES ('D1070026',1541);
INSERT INTO SelectDetail VALUES ('D1070026',1542);
INSERT INTO SelectDetail VALUES ('D1070026',1543);
INSERT INTO SelectDetail VALUES ('D1070026',3530);
INSERT INTO SelectDetail VALUES ('D1070027',1535);
INSERT INTO SelectDetail VALUES ('D1070027',1536);
INSERT INTO SelectDetail VALUES ('D1070027',1537);
INSERT INTO SelectDetail VALUES ('D1070027',1538);
INSERT INTO SelectDetail VALUES ('D1070027',1539);
INSERT INTO SelectDetail VALUES ('D1070027',1540);
INSERT INTO SelectDetail VALUES ('D1070027',1541);
INSERT INTO SelectDetail VALUES ('D1070027',1542);
INSERT INTO SelectDetail VALUES ('D1070027',1543);
INSERT INTO SelectDetail VALUES ('D1070027',1544);
INSERT INTO SelectDetail VALUES ('D1070028',1535);
INSERT INTO SelectDetail VALUES ('D1070028',1536);
INSERT INTO SelectDetail VALUES ('D1070028',1537);
INSERT INTO SelectDetail VALUES ('D1070028',1538);
INSERT INTO SelectDetail VALUES ('D1070028',1539);
INSERT INTO SelectDetail VALUES ('D1070028',1540);
INSERT INTO SelectDetail VALUES ('D1070028',1541);
INSERT INTO SelectDetail VALUES ('D1070028',1542);
INSERT INTO SelectDetail VALUES ('D1070028',1543);
INSERT INTO SelectDetail VALUES ('D1070029',1535);
INSERT INTO SelectDetail VALUES ('D1070029',1536);
INSERT INTO SelectDetail VALUES ('D1070029',1537);
INSERT INTO SelectDetail VALUES ('D1070029',1538);
INSERT INTO SelectDetail VALUES ('D1070029',1539);
INSERT INTO SelectDetail VALUES ('D1070029',1540);
INSERT INTO SelectDetail VALUES ('D1070029',1541);
INSERT INTO SelectDetail VALUES ('D1070029',1542);
INSERT INTO SelectDetail VALUES ('D1070029',1543);
INSERT INTO SelectDetail VALUES ('D1070029',1544);
INSERT INTO SelectDetail VALUES ('D1070030',1408);
INSERT INTO SelectDetail VALUES ('D1070030',1409);
INSERT INTO SelectDetail VALUES ('D1070030',1410);
INSERT INTO SelectDetail VALUES ('D1070030',1411);
INSERT INTO SelectDetail VALUES ('D1070030',1412);
INSERT INTO SelectDetail VALUES ('D1070030',1413);
INSERT INTO SelectDetail VALUES ('D1070030',1414);
INSERT INTO SelectDetail VALUES ('D1070030',1415);
INSERT INTO SelectDetail VALUES ('D1070030',1416);
INSERT INTO SelectDetail VALUES ('D1070030',1435);
INSERT INTO SelectDetail VALUES ('D1070030',1436);
INSERT INTO SelectDetail VALUES ('D1070031',1408);
INSERT INTO SelectDetail VALUES ('D1070031',1409);
INSERT INTO SelectDetail VALUES ('D1070031',1410);
INSERT INTO SelectDetail VALUES ('D1070031',1411);
INSERT INTO SelectDetail VALUES ('D1070031',1412);
INSERT INTO SelectDetail VALUES ('D1070031',1413);
INSERT INTO SelectDetail VALUES ('D1070031',1414);
INSERT INTO SelectDetail VALUES ('D1070031',1415);
INSERT INTO SelectDetail VALUES ('D1070031',1416);
INSERT INTO SelectDetail VALUES ('D1070031',1436);
INSERT INTO SelectDetail VALUES ('D1070032',1408);
INSERT INTO SelectDetail VALUES ('D1070032',1409);
INSERT INTO SelectDetail VALUES ('D1070032',1410);
INSERT INTO SelectDetail VALUES ('D1070032',1411);
INSERT INTO SelectDetail VALUES ('D1070032',1412);
INSERT INTO SelectDetail VALUES ('D1070032',1413);
INSERT INTO SelectDetail VALUES ('D1070032',1414);
INSERT INTO SelectDetail VALUES ('D1070032',1415);
INSERT INTO SelectDetail VALUES ('D1070032',1416);
INSERT INTO SelectDetail VALUES ('D1070032',1435);
INSERT INTO SelectDetail VALUES ('D1070033',1408);
INSERT INTO SelectDetail VALUES ('D1070033',1409);
INSERT INTO SelectDetail VALUES ('D1070033',1410);
INSERT INTO SelectDetail VALUES ('D1070033',1411);
INSERT INTO SelectDetail VALUES ('D1070033',1412);
INSERT INTO SelectDetail VALUES ('D1070033',1413);
INSERT INTO SelectDetail VALUES ('D1070033',1414);
INSERT INTO SelectDetail VALUES ('D1070033',1415);
INSERT INTO SelectDetail VALUES ('D1070033',1416);
INSERT INTO SelectDetail VALUES ('D1070033',1435);
INSERT INTO SelectDetail VALUES ('D1070033',3570);
INSERT INTO SelectDetail VALUES ('D1070034',1417);
INSERT INTO SelectDetail VALUES ('D1070034',1418);
INSERT INTO SelectDetail VALUES ('D1070034',1419);
INSERT INTO SelectDetail VALUES ('D1070034',1420);
INSERT INTO SelectDetail VALUES ('D1070034',1421);
INSERT INTO SelectDetail VALUES ('D1070034',1422);
INSERT INTO SelectDetail VALUES ('D1070034',1423);
INSERT INTO SelectDetail VALUES ('D1070034',1424);
INSERT INTO SelectDetail VALUES ('D1070034',1425);
INSERT INTO SelectDetail VALUES ('D1070034',1436);
INSERT INTO SelectDetail VALUES ('D1070035',1417);
INSERT INTO SelectDetail VALUES ('D1070035',1418);
INSERT INTO SelectDetail VALUES ('D1070035',1419);
INSERT INTO SelectDetail VALUES ('D1070035',1420);
INSERT INTO SelectDetail VALUES ('D1070035',1421);
INSERT INTO SelectDetail VALUES ('D1070035',1422);
INSERT INTO SelectDetail VALUES ('D1070035',1423);
INSERT INTO SelectDetail VALUES ('D1070035',1424);
INSERT INTO SelectDetail VALUES ('D1070035',1425);
INSERT INTO SelectDetail VALUES ('D1070035',1435);
INSERT INTO SelectDetail VALUES ('D1070035',1436);
INSERT INTO SelectDetail VALUES ('D1070036',1417);
INSERT INTO SelectDetail VALUES ('D1070036',1418);
INSERT INTO SelectDetail VALUES ('D1070036',1419);
INSERT INTO SelectDetail VALUES ('D1070036',1420);
INSERT INTO SelectDetail VALUES ('D1070036',1421);
INSERT INTO SelectDetail VALUES ('D1070036',1422);
INSERT INTO SelectDetail VALUES ('D1070036',1423);
INSERT INTO SelectDetail VALUES ('D1070036',1424);
INSERT INTO SelectDetail VALUES ('D1070036',1425);
INSERT INTO SelectDetail VALUES ('D1070036',3570);
INSERT INTO SelectDetail VALUES ('D1070037',1417);
INSERT INTO SelectDetail VALUES ('D1070037',1418);
INSERT INTO SelectDetail VALUES ('D1070037',1419);
INSERT INTO SelectDetail VALUES ('D1070037',1420);
INSERT INTO SelectDetail VALUES ('D1070037',1421);
INSERT INTO SelectDetail VALUES ('D1070037',1422);
INSERT INTO SelectDetail VALUES ('D1070037',1423);
INSERT INTO SelectDetail VALUES ('D1070037',1424);
INSERT INTO SelectDetail VALUES ('D1070037',1425);
INSERT INTO SelectDetail VALUES ('D1070037',3570);
INSERT INTO SelectDetail VALUES ('D1070038',1426);
INSERT INTO SelectDetail VALUES ('D1070038',1427);
INSERT INTO SelectDetail VALUES ('D1070038',1428);
INSERT INTO SelectDetail VALUES ('D1070038',1429);
INSERT INTO SelectDetail VALUES ('D1070038',1430);
INSERT INTO SelectDetail VALUES ('D1070038',1431);
INSERT INTO SelectDetail VALUES ('D1070038',1432);
INSERT INTO SelectDetail VALUES ('D1070038',1433);
INSERT INTO SelectDetail VALUES ('D1070038',1434);
INSERT INTO SelectDetail VALUES ('D1070038',1435);
INSERT INTO SelectDetail VALUES ('D1070038',1436);
INSERT INTO SelectDetail VALUES ('D1070039',1426);
INSERT INTO SelectDetail VALUES ('D1070039',1427);
INSERT INTO SelectDetail VALUES ('D1070039',1428);
INSERT INTO SelectDetail VALUES ('D1070039',1429);
INSERT INTO SelectDetail VALUES ('D1070039',1430);
INSERT INTO SelectDetail VALUES ('D1070039',1431);
INSERT INTO SelectDetail VALUES ('D1070039',1432);
INSERT INTO SelectDetail VALUES ('D1070039',1433);
INSERT INTO SelectDetail VALUES ('D1070039',1434);
INSERT INTO SelectDetail VALUES ('D1070039',1436);
INSERT INTO SelectDetail VALUES ('D1070040',1426);
INSERT INTO SelectDetail VALUES ('D1070040',1427);
INSERT INTO SelectDetail VALUES ('D1070040',1428);
INSERT INTO SelectDetail VALUES ('D1070040',1429);
INSERT INTO SelectDetail VALUES ('D1070040',1430);
INSERT INTO SelectDetail VALUES ('D1070040',1431);
INSERT INTO SelectDetail VALUES ('D1070040',1432);
INSERT INTO SelectDetail VALUES ('D1070040',1433);
INSERT INTO SelectDetail VALUES ('D1070040',1434);
INSERT INTO SelectDetail VALUES ('D1070040',1435);
INSERT INTO SelectDetail VALUES ('D1070040',1436);
INSERT INTO SelectDetail VALUES ('D1070041',1426);
INSERT INTO SelectDetail VALUES ('D1070041',1427);
INSERT INTO SelectDetail VALUES ('D1070041',1428);
INSERT INTO SelectDetail VALUES ('D1070041',1429);
INSERT INTO SelectDetail VALUES ('D1070041',1430);
INSERT INTO SelectDetail VALUES ('D1070041',1431);
INSERT INTO SelectDetail VALUES ('D1070041',1432);
INSERT INTO SelectDetail VALUES ('D1070041',1433);
INSERT INTO SelectDetail VALUES ('D1070041',1434);
INSERT INTO SelectDetail VALUES ('D1070041',1435);
INSERT INTO SelectDetail VALUES ('D1070042',1426);
INSERT INTO SelectDetail VALUES ('D1070042',1427);
INSERT INTO SelectDetail VALUES ('D1070042',1428);
INSERT INTO SelectDetail VALUES ('D1070042',1429);
INSERT INTO SelectDetail VALUES ('D1070042',1430);
INSERT INTO SelectDetail VALUES ('D1070042',1431);
INSERT INTO SelectDetail VALUES ('D1070042',1432);
INSERT INTO SelectDetail VALUES ('D1070042',1433);
INSERT INTO SelectDetail VALUES ('D1070042',1434);
INSERT INTO SelectDetail VALUES ('D1070042',1435);
INSERT INTO SelectDetail VALUES ('D1070042',1436);
INSERT INTO SelectDetail VALUES ('D1070043',1426);
INSERT INTO SelectDetail VALUES ('D1070043',1427);
INSERT INTO SelectDetail VALUES ('D1070043',1428);
INSERT INTO SelectDetail VALUES ('D1070043',1429);
INSERT INTO SelectDetail VALUES ('D1070043',1430);
INSERT INTO SelectDetail VALUES ('D1070043',1431);
INSERT INTO SelectDetail VALUES ('D1070043',1432);
INSERT INTO SelectDetail VALUES ('D1070043',1433);
INSERT INTO SelectDetail VALUES ('D1070043',1434);
INSERT INTO SelectDetail VALUES ('D1070043',1436);
INSERT INTO SelectDetail VALUES ('D1070044',1589);
INSERT INTO SelectDetail VALUES ('D1070044',1590);
INSERT INTO SelectDetail VALUES ('D1070044',1591);
INSERT INTO SelectDetail VALUES ('D1070044',1592);
INSERT INTO SelectDetail VALUES ('D1070044',1593);
INSERT INTO SelectDetail VALUES ('D1070044',1594);
INSERT INTO SelectDetail VALUES ('D1070044',1595);
INSERT INTO SelectDetail VALUES ('D1070044',1604);
INSERT INTO SelectDetail VALUES ('D1070044',1605);
INSERT INTO SelectDetail VALUES ('D1070044',1606);
INSERT INTO SelectDetail VALUES ('D1070044',1607);
INSERT INTO SelectDetail VALUES ('D1070045',1589);
INSERT INTO SelectDetail VALUES ('D1070045',1590);
INSERT INTO SelectDetail VALUES ('D1070045',1591);
INSERT INTO SelectDetail VALUES ('D1070045',1592);
INSERT INTO SelectDetail VALUES ('D1070045',1593);
INSERT INTO SelectDetail VALUES ('D1070045',1594);
INSERT INTO SelectDetail VALUES ('D1070045',1595);
INSERT INTO SelectDetail VALUES ('D1070045',1603);
INSERT INTO SelectDetail VALUES ('D1070045',1604);
INSERT INTO SelectDetail VALUES ('D1070045',1607);
INSERT INTO SelectDetail VALUES ('D1070046',1589);
INSERT INTO SelectDetail VALUES ('D1070046',1590);
INSERT INTO SelectDetail VALUES ('D1070046',1591);
INSERT INTO SelectDetail VALUES ('D1070046',1592);
INSERT INTO SelectDetail VALUES ('D1070046',1593);
INSERT INTO SelectDetail VALUES ('D1070046',1594);
INSERT INTO SelectDetail VALUES ('D1070046',1595);
INSERT INTO SelectDetail VALUES ('D1070046',1604);
INSERT INTO SelectDetail VALUES ('D1070046',1605);
INSERT INTO SelectDetail VALUES ('D1070047',1589);
INSERT INTO SelectDetail VALUES ('D1070047',1590);
INSERT INTO SelectDetail VALUES ('D1070047',1591);
INSERT INTO SelectDetail VALUES ('D1070047',1592);
INSERT INTO SelectDetail VALUES ('D1070047',1593);
INSERT INTO SelectDetail VALUES ('D1070047',1594);
INSERT INTO SelectDetail VALUES ('D1070047',1595);
INSERT INTO SelectDetail VALUES ('D1070047',1603);
INSERT INTO SelectDetail VALUES ('D1070047',1604);
INSERT INTO SelectDetail VALUES ('D1070047',1606);
INSERT INTO SelectDetail VALUES ('D1070047',1607);
INSERT INTO SelectDetail VALUES ('D1070048',1589);
INSERT INTO SelectDetail VALUES ('D1070048',1590);
INSERT INTO SelectDetail VALUES ('D1070048',1591);
INSERT INTO SelectDetail VALUES ('D1070048',1592);
INSERT INTO SelectDetail VALUES ('D1070048',1593);
INSERT INTO SelectDetail VALUES ('D1070048',1594);
INSERT INTO SelectDetail VALUES ('D1070048',1595);
INSERT INTO SelectDetail VALUES ('D1070048',1605);
INSERT INTO SelectDetail VALUES ('D1070048',1607);
INSERT INTO SelectDetail VALUES ('D1070049',1596);
INSERT INTO SelectDetail VALUES ('D1070049',1597);
INSERT INTO SelectDetail VALUES ('D1070049',1598);
INSERT INTO SelectDetail VALUES ('D1070049',1599);
INSERT INTO SelectDetail VALUES ('D1070049',1600);
INSERT INTO SelectDetail VALUES ('D1070049',1601);
INSERT INTO SelectDetail VALUES ('D1070049',1602);
INSERT INTO SelectDetail VALUES ('D1070049',1603);
INSERT INTO SelectDetail VALUES ('D1070050',1596);
INSERT INTO SelectDetail VALUES ('D1070050',1597);
INSERT INTO SelectDetail VALUES ('D1070050',1598);
INSERT INTO SelectDetail VALUES ('D1070050',1599);
INSERT INTO SelectDetail VALUES ('D1070050',1600);
INSERT INTO SelectDetail VALUES ('D1070050',1601);
INSERT INTO SelectDetail VALUES ('D1070050',1602);
INSERT INTO SelectDetail VALUES ('D1070050',1603);
INSERT INTO SelectDetail VALUES ('D1070050',1606);
INSERT INTO SelectDetail VALUES ('D1070051',1596);
INSERT INTO SelectDetail VALUES ('D1070051',1597);
INSERT INTO SelectDetail VALUES ('D1070051',1598);
INSERT INTO SelectDetail VALUES ('D1070051',1599);
INSERT INTO SelectDetail VALUES ('D1070051',1600);
INSERT INTO SelectDetail VALUES ('D1070051',1601);
INSERT INTO SelectDetail VALUES ('D1070051',1602);
INSERT INTO SelectDetail VALUES ('D1070051',1604);
INSERT INTO SelectDetail VALUES ('D1070051',1605);
INSERT INTO SelectDetail VALUES ('D1070052',1596);
INSERT INTO SelectDetail VALUES ('D1070052',1597);
INSERT INTO SelectDetail VALUES ('D1070052',1598);
INSERT INTO SelectDetail VALUES ('D1070052',1599);
INSERT INTO SelectDetail VALUES ('D1070052',1600);
INSERT INTO SelectDetail VALUES ('D1070052',1601);
INSERT INTO SelectDetail VALUES ('D1070052',1602);
INSERT INTO SelectDetail VALUES ('D1070052',1604);
INSERT INTO SelectDetail VALUES ('D1070052',1605);
INSERT INTO SelectDetail VALUES ('D1070052',1606);
INSERT INTO SelectDetail VALUES ('D1070053',1596);
INSERT INTO SelectDetail VALUES ('D1070053',1597);
INSERT INTO SelectDetail VALUES ('D1070053',1598);
INSERT INTO SelectDetail VALUES ('D1070053',1599);
INSERT INTO SelectDetail VALUES ('D1070053',1600);
INSERT INTO SelectDetail VALUES ('D1070053',1601);
INSERT INTO SelectDetail VALUES ('D1070053',1602);
INSERT INTO SelectDetail VALUES ('D1070053',1603);
INSERT INTO SelectDetail VALUES ('D1070053',1604);
INSERT INTO SelectDetail VALUES ('D1070053',1605);
INSERT INTO SelectDetail VALUES ('D1070053',1606);
INSERT INTO SelectDetail VALUES ('D1070054',1930);
INSERT INTO SelectDetail VALUES ('D1070054',1931);
INSERT INTO SelectDetail VALUES ('D1070054',1932);
INSERT INTO SelectDetail VALUES ('D1070054',1933);
INSERT INTO SelectDetail VALUES ('D1070054',1934);
INSERT INTO SelectDetail VALUES ('D1070054',1935);
INSERT INTO SelectDetail VALUES ('D1070054',1936);
INSERT INTO SelectDetail VALUES ('D1070054',1938);
INSERT INTO SelectDetail VALUES ('D1070055',1930);
INSERT INTO SelectDetail VALUES ('D1070055',1931);
INSERT INTO SelectDetail VALUES ('D1070055',1932);
INSERT INTO SelectDetail VALUES ('D1070055',1933);
INSERT INTO SelectDetail VALUES ('D1070055',1934);
INSERT INTO SelectDetail VALUES ('D1070055',1935);
INSERT INTO SelectDetail VALUES ('D1070055',1936);
INSERT INTO SelectDetail VALUES ('D1070056',1930);
INSERT INTO SelectDetail VALUES ('D1070056',1931);
INSERT INTO SelectDetail VALUES ('D1070056',1932);
INSERT INTO SelectDetail VALUES ('D1070056',1933);
INSERT INTO SelectDetail VALUES ('D1070056',1934);
INSERT INTO SelectDetail VALUES ('D1070056',1935);
INSERT INTO SelectDetail VALUES ('D1070056',1936);
INSERT INTO SelectDetail VALUES ('D1070056',1937);
INSERT INTO SelectDetail VALUES ('D1070056',1938);
INSERT INTO SelectDetail VALUES ('D1070057',1930);
INSERT INTO SelectDetail VALUES ('D1070057',1931);
INSERT INTO SelectDetail VALUES ('D1070057',1932);
INSERT INTO SelectDetail VALUES ('D1070057',1933);
INSERT INTO SelectDetail VALUES ('D1070057',1934);
INSERT INTO SelectDetail VALUES ('D1070057',1935);
INSERT INTO SelectDetail VALUES ('D1070057',1936);
INSERT INTO SelectDetail VALUES ('D1070057',1937);
INSERT INTO SelectDetail VALUES ('D1070057',1938);
INSERT INTO SelectDetail VALUES ('D1070058',1930);
INSERT INTO SelectDetail VALUES ('D1070058',1931);
INSERT INTO SelectDetail VALUES ('D1070058',1932);
INSERT INTO SelectDetail VALUES ('D1070058',1933);
INSERT INTO SelectDetail VALUES ('D1070058',1934);
INSERT INTO SelectDetail VALUES ('D1070058',1935);
INSERT INTO SelectDetail VALUES ('D1070058',1936);
INSERT INTO SelectDetail VALUES ('D1070058',1938);
INSERT INTO SelectDetail VALUES ('D1070059',1930);
INSERT INTO SelectDetail VALUES ('D1070059',1931);
INSERT INTO SelectDetail VALUES ('D1070059',1932);
INSERT INTO SelectDetail VALUES ('D1070059',1933);
INSERT INTO SelectDetail VALUES ('D1070059',1934);
INSERT INTO SelectDetail VALUES ('D1070059',1935);
INSERT INTO SelectDetail VALUES ('D1070059',1936);
INSERT INTO SelectDetail VALUES ('D1070059',1937);
INSERT INTO SelectDetail VALUES ('D1070059',1938);
INSERT INTO SelectDetail VALUES ('D1070060',1937);
INSERT INTO SelectDetail VALUES ('D1070060',1939);
INSERT INTO SelectDetail VALUES ('D1070060',1940);
INSERT INTO SelectDetail VALUES ('D1070060',1941);
INSERT INTO SelectDetail VALUES ('D1070060',1942);
INSERT INTO SelectDetail VALUES ('D1070060',1943);
INSERT INTO SelectDetail VALUES ('D1070060',1944);
INSERT INTO SelectDetail VALUES ('D1070060',1945);
INSERT INTO SelectDetail VALUES ('D1070061',1937);
INSERT INTO SelectDetail VALUES ('D1070061',1938);
INSERT INTO SelectDetail VALUES ('D1070061',1939);
INSERT INTO SelectDetail VALUES ('D1070061',1940);
INSERT INTO SelectDetail VALUES ('D1070061',1941);
INSERT INTO SelectDetail VALUES ('D1070061',1942);
INSERT INTO SelectDetail VALUES ('D1070061',1943);
INSERT INTO SelectDetail VALUES ('D1070061',1944);
INSERT INTO SelectDetail VALUES ('D1070061',1945);
INSERT INTO SelectDetail VALUES ('D1070062',1938);
INSERT INTO SelectDetail VALUES ('D1070062',1939);
INSERT INTO SelectDetail VALUES ('D1070062',1940);
INSERT INTO SelectDetail VALUES ('D1070062',1941);
INSERT INTO SelectDetail VALUES ('D1070062',1942);
INSERT INTO SelectDetail VALUES ('D1070062',1943);
INSERT INTO SelectDetail VALUES ('D1070062',1944);
INSERT INTO SelectDetail VALUES ('D1070062',1945);
INSERT INTO SelectDetail VALUES ('D1070063',1937);
INSERT INTO SelectDetail VALUES ('D1070063',1938);
INSERT INTO SelectDetail VALUES ('D1070063',1939);
INSERT INTO SelectDetail VALUES ('D1070063',1940);
INSERT INTO SelectDetail VALUES ('D1070063',1941);
INSERT INTO SelectDetail VALUES ('D1070063',1942);
INSERT INTO SelectDetail VALUES ('D1070063',1943);
INSERT INTO SelectDetail VALUES ('D1070063',1944);
INSERT INTO SelectDetail VALUES ('D1070063',1945);
INSERT INTO SelectDetail VALUES ('D1093071',1259);
INSERT INTO SelectDetail VALUES ('D1093071',1260);
INSERT INTO SelectDetail VALUES ('D1093071',1261);
INSERT INTO SelectDetail VALUES ('D1093071',1262);
INSERT INTO SelectDetail VALUES ('D1093071',1263);
INSERT INTO SelectDetail VALUES ('D1093071',1265);
INSERT INTO SelectDetail VALUES ('D1093071',3545);

/*-----------------------------INSERT INTO TimeSlot----------------------------------*/
INSERT INTO TimeSlot VALUES (1239,4,10,10);
INSERT INTO TimeSlot VALUES (1240,1,6,7);
INSERT INTO TimeSlot VALUES (1240,2,3,3);
INSERT INTO TimeSlot VALUES (1241,2,4,4);
INSERT INTO TimeSlot VALUES (1241,4,3,4);
INSERT INTO TimeSlot VALUES (1242,1,8,8);
INSERT INTO TimeSlot VALUES (1242,4,8,9);
INSERT INTO TimeSlot VALUES (1247,4,10,10);
INSERT INTO TimeSlot VALUES (1248,1,6,7);
INSERT INTO TimeSlot VALUES (1248,2,3,3);
INSERT INTO TimeSlot VALUES (1249,2,4,4);
INSERT INTO TimeSlot VALUES (1249,4,8,9);
INSERT INTO TimeSlot VALUES (1250,1,8,8);
INSERT INTO TimeSlot VALUES (1250,4,3,4);
INSERT INTO TimeSlot VALUES (1251,4,6,6);
INSERT INTO TimeSlot VALUES (1252,1,3,4);
INSERT INTO TimeSlot VALUES (1252,2,4,4);
INSERT INTO TimeSlot VALUES (1253,1,8,8);
INSERT INTO TimeSlot VALUES (1253,4,7,8);
INSERT INTO TimeSlot VALUES (1254,1,6,7);
INSERT INTO TimeSlot VALUES (1254,2,3,3);
INSERT INTO TimeSlot VALUES (1259,4,6,6);
INSERT INTO TimeSlot VALUES (1260,1,3,4);
INSERT INTO TimeSlot VALUES (1260,4,4,4);
INSERT INTO TimeSlot VALUES (1261,1,6,6);
INSERT INTO TimeSlot VALUES (1261,2,3,4);
INSERT INTO TimeSlot VALUES (1262,1,7,7);
INSERT INTO TimeSlot VALUES (1262,4,7,8);
INSERT INTO TimeSlot VALUES (1263,3,6,8);
INSERT INTO TimeSlot VALUES (1264,2,6,8);
INSERT INTO TimeSlot VALUES (1265,2,9,10);
INSERT INTO TimeSlot VALUES (1265,3,8,8);
INSERT INTO TimeSlot VALUES (1267,2,6,7);
INSERT INTO TimeSlot VALUES (1267,3,2,2);
INSERT INTO TimeSlot VALUES (1268,3,3,4);
INSERT INTO TimeSlot VALUES (1269,3,9,10);
INSERT INTO TimeSlot VALUES (1408,4,3,3);
INSERT INTO TimeSlot VALUES (1409,1,1,2);
INSERT INTO TimeSlot VALUES (1409,3,1,1);
INSERT INTO TimeSlot VALUES (1410,1,8,10);
INSERT INTO TimeSlot VALUES (1411,1,3,4);
INSERT INTO TimeSlot VALUES (1411,3,6,6);
INSERT INTO TimeSlot VALUES (1412,2,8,10);
INSERT INTO TimeSlot VALUES (1413,1,6,6);
INSERT INTO TimeSlot VALUES (1413,3,3,4);
INSERT INTO TimeSlot VALUES (1414,3,7,7);
INSERT INTO TimeSlot VALUES (1414,4,1,2);
INSERT INTO TimeSlot VALUES (1415,4,8,10);
INSERT INTO TimeSlot VALUES (1416,4,4,4);
INSERT INTO TimeSlot VALUES (1416,4,6,7);
INSERT INTO TimeSlot VALUES (1417,4,6,6);
INSERT INTO TimeSlot VALUES (1418,3,2,2);
INSERT INTO TimeSlot VALUES (1418,4,1,2);
INSERT INTO TimeSlot VALUES (1419,2,8,10);
INSERT INTO TimeSlot VALUES (1420,1,6,6);
INSERT INTO TimeSlot VALUES (1420,3,3,4);
INSERT INTO TimeSlot VALUES (1421,4,8,10);
INSERT INTO TimeSlot VALUES (1422,3,6,7);
INSERT INTO TimeSlot VALUES (1422,4,4,4);
INSERT INTO TimeSlot VALUES (1423,1,4,4);
INSERT INTO TimeSlot VALUES (1423,5,3,4);
INSERT INTO TimeSlot VALUES (1424,2,6,7);
INSERT INTO TimeSlot VALUES (1424,4,3,3);
INSERT INTO TimeSlot VALUES (1425,1,1,3);
INSERT INTO TimeSlot VALUES (1426,1,10,10);
INSERT INTO TimeSlot VALUES (1427,1,9,9);
INSERT INTO TimeSlot VALUES (1427,4,6,7);
INSERT INTO TimeSlot VALUES (1428,4,8,10);
INSERT INTO TimeSlot VALUES (1429,2,8,9);
INSERT INTO TimeSlot VALUES (1429,3,2,2);
INSERT INTO TimeSlot VALUES (1430,1,4,4);
INSERT INTO TimeSlot VALUES (1430,1,6,7);
INSERT INTO TimeSlot VALUES (1431,1,3,3);
INSERT INTO TimeSlot VALUES (1431,2,6,7);
INSERT INTO TimeSlot VALUES (1432,1,2,2);
INSERT INTO TimeSlot VALUES (1432,3,3,4);
INSERT INTO TimeSlot VALUES (1433,1,8,8);
INSERT INTO TimeSlot VALUES (1433,3,6,7);
INSERT INTO TimeSlot VALUES (1434,4,1,3);
INSERT INTO TimeSlot VALUES (1435,2,2,4);
INSERT INTO TimeSlot VALUES (1436,3,8,10);
INSERT INTO TimeSlot VALUES (1526,1,6,6);
INSERT INTO TimeSlot VALUES (1527,1,7,7);
INSERT INTO TimeSlot VALUES (1527,3,1,2);
INSERT INTO TimeSlot VALUES (1528,1,8,8);
INSERT INTO TimeSlot VALUES (1528,3,8,9);
INSERT INTO TimeSlot VALUES (1529,2,1,2);
INSERT INTO TimeSlot VALUES (1529,3,4,4);
INSERT INTO TimeSlot VALUES (1530,4,2,4);
INSERT INTO TimeSlot VALUES (1531,2,3,4);
INSERT INTO TimeSlot VALUES (1531,5,1,1);
INSERT INTO TimeSlot VALUES (1532,1,3,4);
INSERT INTO TimeSlot VALUES (1532,3,3,3);
INSERT INTO TimeSlot VALUES (1533,3,6,7);
INSERT INTO TimeSlot VALUES (1533,4,1,1);
INSERT INTO TimeSlot VALUES (1534,5,2,4);
INSERT INTO TimeSlot VALUES (1535,1,6,6);
INSERT INTO TimeSlot VALUES (1536,2,1,2);
INSERT INTO TimeSlot VALUES (1536,3,2,2);
INSERT INTO TimeSlot VALUES (1537,5,1,3);
INSERT INTO TimeSlot VALUES (1538,3,3,4);
INSERT INTO TimeSlot VALUES (1538,4,4,4);
INSERT INTO TimeSlot VALUES (1539,1,7,9);
INSERT INTO TimeSlot VALUES (1540,2,3,4);
INSERT INTO TimeSlot VALUES (1540,4,3,3);
INSERT INTO TimeSlot VALUES (1541,3,6,7);
INSERT INTO TimeSlot VALUES (1541,4,2,2);
INSERT INTO TimeSlot VALUES (1542,1,3,4);
INSERT INTO TimeSlot VALUES (1542,3,1,1);
INSERT INTO TimeSlot VALUES (1543,3,8,10);
INSERT INTO TimeSlot VALUES (1544,2,6,8);
INSERT INTO TimeSlot VALUES (1589,1,6,6);
INSERT INTO TimeSlot VALUES (1590,1,3,4);
INSERT INTO TimeSlot VALUES (1590,4,6,6);
INSERT INTO TimeSlot VALUES (1591,1,7,7);
INSERT INTO TimeSlot VALUES (1591,3,1,2);
INSERT INTO TimeSlot VALUES (1592,2,8,9);
INSERT INTO TimeSlot VALUES (1592,3,8,8);
INSERT INTO TimeSlot VALUES (1593,1,2,2);
INSERT INTO TimeSlot VALUES (1593,4,1,2);
INSERT INTO TimeSlot VALUES (1594,1,8,10);
INSERT INTO TimeSlot VALUES (1595,2,3,4);
INSERT INTO TimeSlot VALUES (1595,4,3,3);
INSERT INTO TimeSlot VALUES (1596,1,6,6);
INSERT INTO TimeSlot VALUES (1597,1,8,9);
INSERT INTO TimeSlot VALUES (1597,4,3,3);
INSERT INTO TimeSlot VALUES (1598,1,3,4);
INSERT INTO TimeSlot VALUES (1598,4,6,6);
INSERT INTO TimeSlot VALUES (1599,2,6,7);
INSERT INTO TimeSlot VALUES (1599,3,9,9);
INSERT INTO TimeSlot VALUES (1600,1,2,2);
INSERT INTO TimeSlot VALUES (1600,4,1,2);
INSERT INTO TimeSlot VALUES (1601,2,8,10);
INSERT INTO TimeSlot VALUES (1602,1,7,7);
INSERT INTO TimeSlot VALUES (1602,2,3,4);
INSERT INTO TimeSlot VALUES (1603,3,11,13);
INSERT INTO TimeSlot VALUES (1604,4,7,10);
INSERT INTO TimeSlot VALUES (1605,5,2,4);
INSERT INTO TimeSlot VALUES (1606,3,6,7);
INSERT INTO TimeSlot VALUES (1606,4,4,4);
INSERT INTO TimeSlot VALUES (1607,2,2,2);
INSERT INTO TimeSlot VALUES (1607,3,3,4);
INSERT INTO TimeSlot VALUES (1930,1,4,4);
INSERT INTO TimeSlot VALUES (1931,1,8,8);
INSERT INTO TimeSlot VALUES (1931,4,6,7);
INSERT INTO TimeSlot VALUES (1932,1,7,7);
INSERT INTO TimeSlot VALUES (1932,2,6,7);
INSERT INTO TimeSlot VALUES (1933,2,3,4);
INSERT INTO TimeSlot VALUES (1933,3,3,3);
INSERT INTO TimeSlot VALUES (1934,3,4,4);
INSERT INTO TimeSlot VALUES (1934,3,6,7);
INSERT INTO TimeSlot VALUES (1935,1,3,3);
INSERT INTO TimeSlot VALUES (1935,3,1,2);
INSERT INTO TimeSlot VALUES (1936,1,6,6);
INSERT INTO TimeSlot VALUES (1936,2,1,2);
INSERT INTO TimeSlot VALUES (1937,5,2,4);
INSERT INTO TimeSlot VALUES (1938,4,2,4);
INSERT INTO TimeSlot VALUES (1939,2,8,8);
INSERT INTO TimeSlot VALUES (1940,3,1,2);
INSERT INTO TimeSlot VALUES (1940,4,6,6);
INSERT INTO TimeSlot VALUES (1941,1,8,9);
INSERT INTO TimeSlot VALUES (1941,3,3,3);
INSERT INTO TimeSlot VALUES (1942,1,3,3);
INSERT INTO TimeSlot VALUES (1942,2,6,7);
INSERT INTO TimeSlot VALUES (1943,1,4,4);
INSERT INTO TimeSlot VALUES (1943,1,6,7);
INSERT INTO TimeSlot VALUES (1944,2,3,4);
INSERT INTO TimeSlot VALUES (1944,3,4,4);
INSERT INTO TimeSlot VALUES (1945,2,1,2);
INSERT INTO TimeSlot VALUES (1945,4,1,1);
INSERT INTO TimeSlot VALUES (3530,1,11,13);
INSERT INTO TimeSlot VALUES (3542,3,2,2);
INSERT INTO TimeSlot VALUES (3542,4,6,7);
INSERT INTO TimeSlot VALUES (3543,2,6,7);
INSERT INTO TimeSlot VALUES (3543,4,2,2);
INSERT INTO TimeSlot VALUES (3544,1,3,4);
INSERT INTO TimeSlot VALUES (3544,4,2,2);
INSERT INTO TimeSlot VALUES (3545,1,9,10);
INSERT INTO TimeSlot VALUES (3545,4,3,3);
INSERT INTO TimeSlot VALUES (3546,3,3,4);
INSERT INTO TimeSlot VALUES (3547,4,9,10);
INSERT INTO TimeSlot VALUES (3551,1,11,13);
INSERT INTO TimeSlot VALUES (3552,3,11,13);
INSERT INTO TimeSlot VALUES (3570,4,9,11);
